429090;20.9;70.36;
673460;-26.283;32.183;
010170;77.683;14.783;
010440;70.483;22.15;
113510;47.433;13.633;
838810;-27.183;-53.233;
724190;37.591;-83.314;
071515;43.556;2.289;
154210;44.571;26.085;
427140;22.983;88.367;
722316;29.825;-90.035;
722006;43.62;-96.22;
789900;12.131;-68.269;
028970;64.283;27.683;
934360;-41.327;174.805;
347400;46.517;41.35;
724053;39.144;-78.144;
310410;59.633;133.033;
116930;49.1;16.133;
607150;36.851;10.227;
766127;20.603;-97.461;
171800;39.067;26.883;
828990;-8.126;-34.924;
720351;41.226;-92.494;
997841;35.043;-65.564;
484270;14.3;99.867;
999999;29.845;-82.048;
682910;-24.35;31.05;
483300;18.167;100.167;
788580;17.3;-62.683;
714700;65.75;-111.25;
970960;-1.383;120.733;
343040;49.85;35.233;
471300;36.983;129.4;
575540;29.4;110.167;
723526;35.357;-99.204;
421430;29.617;78.383;
917390;-13.829;-172.021;
997260;43.85;-82.64;
023170;62.1;13.617;
330880;51.283;26.617;
170340;40.917;38.383;
636410;2.3;37.9;
517090;39.483;75.75;
720407;39.933;-74.3;
998346;17.9;-66.5;
911905;20.786;-156.951;
530680;43.65;112.0;
701486;67.736;-164.563;
478240;32.217;130.75;
261160;58.991;22.831;
251210;68.733;158.717;
719090;63.75;-68.55;
723117;34.987;-81.058;
377880;40.15;44.383;
145540;44.883;18.433;
710110;51.983;-112.8;
722533;29.36;-99.174;
031530;54.8;-4.0;
066050;47.133;7.067;
717200;49.833;-124.483;
764120;24.8;-107.4;
997277;41.72;-71.33;
717750;49.2;-122.68;
710190;47.15;-67.83;
712320;51.083;-115.067;
747460;30.589;-96.365;
282140;58.133;52.583;
038820;50.9;0.317;
724177;39.402;-77.984;
479810;24.784;141.323;
361040;51.483;95.583;
723747;34.265;-110.006;
404380;24.71;46.725;
011050;68.367;15.95;
800350;11.526;-72.926;
275950;55.737;49.203;
682670;-26.5;29.983;
652500;5.015;6.95;
949000;-38.083;146.217;
134630;42.433;19.283;
720787;32.304;-90.411;
717140;46.783;-71.383;
544970;40.05;124.333;
957190;-32.217;148.567;
710550;67.033;-126.067;
914130;9.483;138.083;
333120;50.6;27.633;
722907;32.826;-116.972;
722041;29.445;-90.261;
983250;16.083;120.35;
486470;3.11;101.55;
037490;51.15;-1.567;
681100;-22.567;17.1;
720479;36.9;-94.017;
407160;37.45;47.7;
985580;11.05;125.75;
478520;33.479;131.737;
471030;37.967;124.667;
698544;31.1;64.083;
854590;-40.611;-73.061;
718760;52.767;-108.25;
427060;23.383;87.083;
408450;29.267;50.267;
721048;29.634;-104.362;
412870;20.867;58.25;
720558;35.431;-99.394;
344610;49.3;44.0;
725098;42.191;-71.174;
300740;59.933;117.6;
474300;41.817;140.75;
039010;54.333;-7.6;
998295;25.217;-80.533;
389440;37.483;69.383;
949130;-37.217;148.267;
258200;61.917;159.217;
687370;-32.2;24.55;
726836;45.773;-122.861;
998491;30.279;-87.556;
687180;-33.8;19.9;
837590;-22.813;-42.093;
946070;-32.571;115.019;
997183;43.5;-67.9;
720887;46.122;-89.882;
042660;60.75;-48.45;
720365;42.07;-124.29;
428860;21.917;84.083;
425770;24.417;81.867;
720357;35.95;-96.773;
722687;32.337;-104.263;
417120;28.88;64.4;
726390;45.067;-83.567;
085120;37.733;-25.7;
840250;0.1;-76.883;
723510;33.967;-98.483;
246610;64.0;130.3;
724016;38.139;-78.453;
726396;39.05;-105.51;
722202;29.211;-99.744;
560330;34.917;98.217;
725014;41.073;-71.923;
653800;6.583;1.5;
032610;54.133;-1.417;
041600;64.58;-18.6;
041010;65.5;-24.51;
949830;-41.0;148.35;
726880;45.683;-118.85;
320990;48.65;144.733;
432370;14.583;77.633;
722400;30.133;-93.217;
720734;43.581;-116.523;
711410;70.633;-100.267;
998001;41.4;-82.55;
155020;43.983;22.85;
998239;30.333;-88.517;
943790;-21.967;152.467;
309250;50.367;106.45;
036090;51.567;-3.983;
784670;19.05;-69.383;
723150;35.433;-82.55;
569690;21.5;101.583;
363410;49.783;76.383;
956150;-32.1;116.917;
028660;65.4;26.967;
619880;-19.683;63.417;
113060;47.267;10.083;
039610;52.85;-6.9;
720627;35.283;-95.1;
725065;41.676;-70.958;
111290;47.0;11.5;
722926;33.301;-117.355;
998476;37.811;-122.333;
415200;35.367;74.9;
723761;30.515;-96.704;
718970;52.25;-128.717;
285410;56.083;60.3;
680072;-26.783;19.633;
071530;48.617;2.683;
727497;46.99;-94.204;
917920;-21.233;-175.15;
022930;64.617;21.083;
718113;51.7;-76.117;
701195;66.25;-166.089;
726083;47.286;-68.313;
995140;53.5;2.7;
682730;-25.833;29.183;
029370;61.25;22.35;
726435;44.867;-91.488;
653610;8.983;1.15;
470280;40.45;124.933;
072070;47.3;-3.167;
474040;44.367;141.7;
714890;52.367;-108.833;
489450;18.4;103.667;
013700;61.517;9.4;
837086;-23.183;-46.933;
998315;32.0;-69.5;
997375;36.8;-122.0;
787060;15.717;-87.483;
029500;60.117;21.7;
423630;28.2;-89.2;
569660;23.6;101.983;
727938;47.268;-122.576;
842170;-2.283;-78.117;
411980;25.1;56.333;
717460;43.0;-82.3;
714100;53.95;-97.833;
431810;16.533;80.8;
412740;21.383;57.05;
895580;-82.117;55.033;
803080;2.454;-76.609;
710240;58.367;-116.033;
267300;54.634;25.286;
422370;27.133;72.367;
723424;33.636;-91.756;
071570;49.017;2.533;
678670;-19.45;29.85;
725490;42.551;-94.193;
948780;-36.217;147.533;
949340;-37.25;150.05;
483580;17.433;104.783;
997189;47.3;-57.3;
960011;1.217;111.45;
715330;47.683;-79.833;
113580;47.55;13.933;
976900;-2.567;140.483;
041460;63.433;-20.283;
945200;-28.983;148.983;
719150;64.2;-83.367;
036440;51.682;-1.79;
720317;38.398;-77.455;
319870;43.15;133.017;
725037;41.067;-73.708;
112270;46.717;14.1;
710210;61.25;-124.467;
230780;69.342;88.258;
417000;29.4;71.78;
723037;34.734;-76.661;
162600;41.433;15.535;
032750;54.567;-0.867;
720334;39.168;-77.166;
765710;21.705;-102.318;
997236;29.44;-92.06;
160210;46.3;11.783;
703644;70.212;-151.001;
682570;-25.25;27.217;
479400;26.6;127.967;
631252;11.547;43.159;
724395;38.89;-90.046;
251380;68.117;164.167;
042050;77.483;-69.383;
014130;58.75;5.65;
161810;43.096;12.513;
998431;53.879;-166.54;
684000;-27.383;32.183;
724650;39.367;-101.683;
714750;49.32;-124.93;
996070;61.0;1.7;
727033;46.124;-67.793;
043900;60.05;-43.167;
720895;46.813;-101.86;
039620;52.7;-8.917;
998245;36.983;-76.317;
471140;37.338;127.947;
714600;45.967;-81.483;
226560;63.483;41.8;
725283;42.241;-78.371;
039700;53.717;-8.983;
724556;38.329;-96.195;
340980;52.033;48.833;
683380;-26.95;24.633;
997194;49.7;-94.5;
725717;39.526;-107.727;
287640;54.483;65.767;
683310;-27.667;23.0;
623980;26.333;31.733;
025950;57.55;18.433;
596580;21.217;110.4;
687470;-32.783;26.633;
121850;54.067;21.367;
998162;36.8;-121.9;
720426;37.158;-95.778;
321280;47.05;142.05;
014850;59.617;10.217;
679910;-22.217;30.0;
890020;-70.667;-8.25;
720404;33.85;-98.483;
721004;47.75;-111.55;
428120;22.25;88.667;
246060;63.583;103.967;
134610;42.1;19.1;
288060;53.617;52.45;
998261;58.298;-134.412;
154750;44.067;26.633;
954920;-27.983;143.817;
676870;-15.783;35.033;
681090;-23.867;18.0;
411600;26.15;51.2;
154700;44.1;24.983;
893270;-73.2;-127.05;
153360;45.183;29.167;
478560;32.837;130.855;
484000;15.8;100.167;
477900;35.414;132.89;
947820;-33.433;151.367;
715220;49.83;-71.17;
478050;33.367;129.55;
145420;44.783;17.217;
010650;69.467;25.517;
804190;10.107;-64.689;
913290;8.55;151.9;
723100;33.95;-81.117;
713580;70.483;-68.517;
484070;15.25;104.867;
407920;34.017;58.167;
723407;35.831;-90.646;
320270;52.217;141.633;
110270;48.4;16.2;
997999;41.85;-80.967;
167420;36.783;27.067;
417440;27.83;66.63;
476530;34.633;137.1;
431600;16.7;75.75;
763615;25.685;-109.081;
946550;-30.717;134.583;
431610;16.817;75.717;
723865;36.236;-115.034;
260380;59.383;24.583;
433580;9.55;78.083;
405810;29.383;48.0;
373080;42.517;43.133;
743312;34.05;-94.401;
763050;25.989;-111.348;
278210;54.0;38.133;
725165;43.529;-72.95;
720611;34.0;-80.367;
118010;48.4;17.15;
998213;27.65;-82.583;
693564;37.752;127.026;
350110;52.433;53.133;
681040;-22.983;14.65;
875710;-34.61;-58.613;
725845;39.277;-120.71;
150150;47.733;23.95;
720727;27.962;-93.671;
084190;37.183;-3.783;
044160;72.583;-38.45;
112320;46.567;14.767;
998216;45.2;-87.35;
722214;35.858;-102.013;
548630;36.767;121.167;
712560;54.15;-115.783;
400610;34.55;38.3;
720962;32.214;-83.128;
943360;-21.8;139.917;
720340;44.625;-86.201;
722157;40.52;-90.652;
489850;10.37;104.13;
720952;34.564;-117.675;
997322;34.2;-119.4;
627600;13.617;25.333;
026250;55.483;14.317;
997204;59.7;-143.4;
844250;-5.883;-76.117;
841400;-1.1;-79.483;
720581;40.617;-74.245;
401050;34.25;36.05;
163370;39.583;15.883;
768480;16.25;-92.133;
108644;48.081;11.283;
325590;53.1;160.033;
119520;49.033;20.317;
628090;11.333;27.817;
718900;49.05;-123.867;
172970;36.7;27.667;
085410;37.95;-8.867;
167650;35.517;27.25;
032570;54.3;-1.533;
085220;32.633;-16.9;
471280;36.717;127.499;
723444;36.346;-94.219;
406290;34.367;41.95;
406500;33.3;44.4;
027320;62.8;27.9;
475730;37.956;139.121;
111200;47.267;11.35;
917380;-13.831;-171.992;
134615;41.1;20.817;
727856;47.683;-117.321;
153350;45.183;28.817;
032145;53.745;-2.883;
028250;70.083;27.95;
429330;20.7;77.033;
720926;30.071;-94.216;
014310;58.933;6.917;
681020;-19.933;16.383;
675610;-12.983;28.65;
711960;45.867;-77.25;
030370;57.25;-5.8;
716290;72.017;-94.2;
041700;63.51;-17.98;
164340;37.717;13.433;
406900;30.517;47.783;
266430;55.367;27.467;
965650;0.883;112.933;
354260;49.15;57.117;
349490;45.117;42.083;
341390;51.05;40.7;
844440;-6.2;-77.85;
724665;39.189;-103.715;
012650;62.267;10.733;
943760;-24.483;150.567;
076530;43.333;5.05;
726873;45.943;-116.123;
893140;-84.6;-115.817;
330080;52.117;23.683;
949300;-37.7;148.083;
957040;-34.25;146.067;
344010;49.383;35.45;
287854;53.74;91.385;
067970;46.409;10.02;
675750;-13.633;29.433;
419390;23.167;90.183;
340030;52.317;36.3;
720593;41.333;-86.667;
833840;-15.9;-46.05;
337910;48.033;33.217;
946410;-33.683;117.6;
110340;48.2;16.367;
636610;1.017;35.0;
720456;38.058;-83.98;
008411;8.2;134.6;
507450;47.383;123.917;
783650;21.067;-75.617;
161530;43.95;8.183;
475530;38.412;140.371;
421480;29.033;79.467;
716860;58.417;-130.033;
543740;41.72;126.92;
722275;31.309;-86.394;
723095;35.068;-77.048;
783550;21.4;-77.85;
142410;45.733;16.05;
154050;44.75;27.3;
607420;35.5;11.067;
726824;44.171;-114.927;
716740;52.55;-112.117;
837380;-22.48;-44.46;
067530;46.517;8.683;
066260;47.367;7.983;
998351;39.6;-72.6;
643810;-1.667;29.25;
766560;19.717;-103.467;
036470;51.867;-1.683;
443410;45.767;106.283;
723484;36.878;-91.903;
651125;9.007;7.263;
518180;37.617;78.283;
432950;12.967;77.583;
418580;25.75;88.917;
013610;62.017;7.667;
767500;18.483;-88.3;
998276;25.183;-80.433;
610750;13.8;5.25;
295530;56.217;89.55;
720974;35.178;-86.066;
233050;66.25;52.55;
710367;45.367;-72.767;
112850;46.817;15.233;
724676;39.23;-106.87;
062080;53.5;5.95;
162310;41.7;15.95;
945955;-12.269;136.818;
720531;38.783;-108.067;
116030;50.767;15.017;
408350;30.433;50.767;
661365;-6.141;12.372;
681760;-23.15;29.567;
566910;26.867;104.283;
245880;64.05;141.883;
377590;40.633;48.633;
293670;56.967;90.683;
261150;58.917;22.067;
063160;51.65;3.7;
716000;43.933;-60.017;
374090;42.033;43.483;
417470;27.335;68.143;
823980;-3.783;-38.533;
624250;22.467;28.7;
725475;42.22;-91.163;
604300;36.3;2.233;
672290;-14.733;34.35;
479310;26.356;127.768;
225460;64.55;39.767;
576550;28.467;110.4;
299150;52.967;78.65;
726525;42.917;-97.386;
681960;-22.683;31.017;
933090;-39.017;174.183;
715530;51.183;-101.367;
156000;42.833;23.667;
717330;45.883;-82.567;
703050;58.646;-162.063;
075890;44.933;6.25;
725260;42.083;-80.183;
414040;15.517;44.183;
076320;43.917;2.117;
712740;54.267;-112.483;
837180;-22.033;-42.367;
060730;56.1;10.517;
966070;-0.617;117.15;
725267;41.378;-79.86;
955510;-27.55;151.917;
719760;61.3;-73.667;
423690;26.75;80.883;
783580;21.2;-76.617;
633330;11.117;39.733;
082350;40.35;-1.117;
080001;32.698;-16.774;
725846;39.32;-120.14;
711670;53.567;-116.45;
416750;30.2;71.433;
720394;34.1;-93.066;
628010;11.75;32.783;
802110;4.5;-75.717;
307450;52.533;111.55;
724067;39.326;-76.414;
693404;37.717;127.1;
724330;38.643;-88.964;
725038;41.504;-74.105;
547510;37.933;120.717;
107750;49.218;11.836;
066303;46.914;7.497;
720646;37.513;-122.501;
335810;49.233;30.1;
786475;14.866;-91.502;
480600;21.3;99.617;
572970;32.133;114.05;
945110;-25.85;148.567;
170674;40.899;29.309;
021030;65.783;15.067;
745946;38.308;-75.124;
483820;16.25;103.066;
997797;58.4;-134.95;
638450;-5.257;39.811;
958450;-38.233;143.783;
508440;46.4;123.45;
488520;16.433;107.583;
942310;-18.333;130.633;
413140;17.683;54.017;
720279;34.602;-78.579;
008416;32.9;-117.3;
164900;35.498;12.618;
723115;33.462;-80.858;
825620;-5.369;-49.138;
749486;39.224;-121.003;
724530;36.737;-97.102;
113900;47.283;15.983;
724666;39.57;-104.848;
718110;50.217;-66.267;
623360;31.083;33.817;
032260;54.567;-2.417;
689260;-34.083;21.25;
711650;64.117;-117.333;
470700;37.967;126.567;
113300;47.167;11.85;
682680;-24.9;28.333;
952960;-19.45;147.483;
718800;49.617;-115.783;
957560;-34.983;150.843;
309490;49.567;111.967;
621610;29.033;21.567;
722123;27.943;-81.783;
164000;38.7;13.183;
976820;-3.333;135.5;
067940;46.35;10.067;
916360;-7.233;177.15;
172180;38.517;27.017;
726605;44.48;-103.783;
879380;-54.8;-68.317;
111920;47.2;16.333;
405680;29.767;48.367;
477420;35.55;133.233;
802590;3.55;-76.383;
024810;59.917;16.683;
071160;48.75;-4.017;
380690;44.167;66.75;
722090;31.889;-81.562;
146520;43.717;18.267;
726603;44.857;-93.033;
033463;53.866;-1.661;
994014;47.605;-122.338;
834420;-16.867;-42.067;
804043;11.781;-70.151;
404390;24.15;38.06;
725515;40.301;-96.754;
642220;-5.033;18.8;
722343;42.351;-86.256;
126000;49.8;19.0;
592110;23.9;106.6;
654600;6.1;0.117;
579320;25.967;108.533;
722334;30.832;-93.34;
718310;49.4;-82.467;
744658;38.665;-88.453;
804200;10.45;-64.13;
165600;39.251;9.054;
443140;47.167;115.633;
720637;29.506;-95.477;
010270;69.65;18.9;
721002;47.7;-111.95;
718500;49.783;-94.367;
225250;64.567;34.917;
685890;-29.267;29.517;
941350;-11.05;132.983;
484620;13.7;102.583;
724509;38.058;-97.275;
129820;46.25;20.1;
026230;55.867;13.667;
488700;13.767;109.217;
726416;43.212;-90.181;
997661;22.373;-84.744;
711500;50.45;-100.6;
719595;69.433;-133.026;
722106;26.585;-81.861;
607390;35.167;8.833;
700634;70.32;-149.58;
623810;29.3;30.85;
946610;-33.7;136.483;
386155;40.609;72.793;
408790;27.2;60.7;
406450;33.45;43.317;
725920;40.5;-122.3;
997213;46.1;-82.6;
722764;35.658;-109.061;
726413;43.422;-88.128;
959120;-36.433;148.333;
715390;50.317;-105.55;
686470;-31.917;26.883;
720839;39.668;-119.876;
990077;0.078;80.574;
716790;53.77;-126.0;
723126;34.916;-81.956;
964810;4.3;118.12;
726580;44.883;-93.217;
997255;41.73;-87.54;
335360;49.017;25.8;
040131;66.058;-23.135;
476800;35.514;139.394;
173300;36.383;33.933;
702040;63.767;-171.733;
029260;61.483;21.783;
679640;-20.15;28.617;
041950;65.281;-14.0;
376090;40.95;43.783;
997671;41.263;-36.0;
722133;35.438;-94.803;
997687;40.08;-74.88;
021490;65.6;19.267;
722078;34.471;-97.96;
998204;46.917;-124.117;
233300;66.533;66.667;
994060;43.97;-68.13;
026220;56.85;13.883;
655030;12.35;-1.517;
425460;24.883;74.633;
834980;-17.733;-39.25;
013800;61.65;10.117;
424820;25.4;83.55;
992022;47.3;-122.7;
710290;70.75;-117.8;
031404;58.717;1.4;
946850;-33.97;137.67;
722270;33.915;-84.516;
172340;37.85;27.85;
998429;52.941;-168.871;
201070;78.067;14.25;
272520;58.35;43.383;
683800;-26.067;30.117;
722780;33.433;-112.017;
010780;71.1;28.233;
725067;41.669;-70.28;
409110;36.707;67.21;
171950;38.81;35.43;
722057;28.78;-81.244;
359250;45.4;56.117;
715700;50.47;-96.02;
720532;38.533;-106.05;
014480;58.067;8.05;
912320;15.117;145.717;
713270;44.65;-63.62;
946650;-34.383;137.667;
725788;44.889;-116.101;
725208;40.616;-83.064;
723096;34.708;-77.44;
944030;-28.8;114.7;
715550;50.183;-113.883;
702510;62.317;-150.1;
343120;50.067;37.383;
024170;58.75;13.15;
689270;-34.367;21.383;
712510;50.05;-112.133;
717000;45.867;-66.533;
486650;2.26;102.25;
066090;46.55;7.017;
703980;55.039;-131.578;
957340;-30.317;149.817;
683470;-26.9;26.617;
172820;37.929;41.117;
942550;-19.917;138.117;
713310;55.533;-102.35;
477430;35.492;133.236;
893240;-80.0;-119.4;
726654;44.381;-106.721;
421650;28.0;73.3;
941880;-14.967;145.317;
767755;17.0;-96.733;
726920;44.256;-121.139;
942570;-17.117;139.6;
997845;24.683;-72.966;
997984;44.6;-124.3;
710430;65.283;-126.8;
998495;25.23;-80.939;
082130;40.95;-4.117;
685490;-29.9;26.867;
432850;12.95;74.833;
977480;-3.8;130.833;
251290;68.15;161.167;
257030;62.917;152.417;
414380;14.133;44.367;
417150;28.3;68.47;
847820;-18.05;-70.267;
154220;44.417;26.1;
406420;33.033;40.283;
162270;41.983;13.6;
427990;22.817;86.183;
082230;40.383;-3.783;
028520;63.85;23.117;
011020;65.2;11.0;
986420;9.333;123.3;
247390;62.283;119.85;
375491;43.069;42.754;
721019;48.345;-102.304;
747770;30.428;-86.689;
725785;43.516;-112.067;
413820;13.25;43.283;
726506;43.769;-88.491;
983270;15.183;120.55;
725670;42.867;-100.55;
242190;67.133;108.533;
672370;-15.106;39.282;
946630;-34.983;137.4;
997171;57.052;-135.342;
720742;28.209;-100.019;
153370;45.083;29.067;
219080;70.133;113.967;
703925;59.73;-157.26;
431370;17.25;80.15;
652520;5.483;7.0;
997394;43.8;-124.6;
583212;24.796;118.59;
946450;-32.233;126.3;
712870;54.767;-112.817;
674420;-13.267;31.933;
014640;58.333;8.517;
067090;46.4;6.867;
346010;47.8;35.017;
725786;42.149;-112.287;
896150;-66.683;111.533;
434240;8.033;79.833;
724175;39.296;-80.229;
073350;46.6;0.317;
949610;-43.317;147.017;
071200;48.533;-2.85;
506030;48.683;116.817;
434670;6.817;79.883;
723536;36.379;-97.791;
720928;40.28;-83.115;
716070;45.217;-67.25;
990123;4.871;137.281;
713140;44.483;-79.55;
151450;46.468;24.413;
725700;40.5;-107.533;
406620;33.1;45.95;
702740;61.596;-149.091;
944760;-27.55;135.45;
225500;64.5;40.717;
703926;56.933;-154.183;
071390;48.433;0.1;
712780;53.333;-110.867;
722129;46.839;-96.664;
765250;22.783;-102.567;
970860;-0.9;122.783;
031350;55.509;-4.587;
114233;49.029;17.44;
084510;36.75;-6.067;
074120;45.667;-0.317;
170300;41.283;36.3;
319090;45.0;136.6;
011470;65.833;14.183;
596320;21.95;108.617;
067770;45.933;9.017;
585270;29.3;117.2;
376680;41.067;47.467;
997549;56.668;-137.305;
063080;51.383;3.383;
167150;38.1;23.783;
725085;42.57;-72.291;
443580;43.733;111.9;
648510;10.451;14.257;
572370;32.067;108.033;
718000;46.65;-53.067;
724838;39.102;-121.567;
998252;44.4;-68.2;
998310;-19.4;-84.4;
944770;-27.3;133.617;
435880;0.483;72.983;
802222;6.203;-77.395;
949110;-38.8;146.2;
747900;33.973;-80.471;
964650;5.301;115.25;
854591;-43.894;-73.74;
346090;47.333;36.333;
025350;58.456;13.973;
444160;28.6;81.617;
832480;-12.911;-38.331;
715150;50.55;-103.65;
013690;60.917;9.283;
726813;43.642;-116.636;
948310;-35.067;142.317;
934390;-41.333;174.8;
958310;-35.117;142.0;
029290;62.667;29.633;
946210;-31.65;116.667;
145430;44.35;17.267;
998176;47.183;-88.233;
029560;60.883;26.933;
360610;52.25;87.117;
947100;-31.533;145.8;
114232;50.121;14.544;
945300;-28.517;150.317;
723870;36.617;-116.017;
703165;55.315;-160.518;
671070;-19.817;47.067;
566840;26.4;103.25;
041800;64.23;-15.2;
573480;31.017;109.533;
971260;-2.55;120.367;
998262;18.45;-67.167;
997597;50.795;176.029;
411710;25.383;51.483;
674770;-11.9;31.433;
717367;46.367;-60.983;
417460;26.85;68.133;
276430;55.333;42.117;
029130;63.1;23.033;
723435;34.547;-93.578;
725345;41.518;-88.176;
583210;31.867;117.233;
786376;17.067;-89.15;
804260;9.34;-70.584;
744910;42.194;-72.535;
478190;32.817;130.7;
992039;57.3;2.0;
417570;25.133;62.333;
742071;47.079;-122.581;
949260;-35.3;149.2;
713230;46.2;-70.78;
890660;-68.117;-67.133;
113800;47.7;15.833;
726409;43.041;-88.237;
821130;-0.98;-62.58;
483870;16.75;98.933;
718670;53.967;-101.1;
426540;23.233;72.717;
959370;-35.9;150.15;
710850;49.517;-114.0;
701995;64.54;-163.04;
083300;38.883;-6.833;
671131;-19.563;45.451;
835880;-19.65;-43.883;
607650;33.877;10.103;
485320;9.983;98.617;
335570;48.85;27.267;
959180;-37.683;148.467;
647570;17.167;21.55;
415600;33.87;70.08;
720722;29.117;-91.867;
743946;42.782;-71.515;
956270;-32.45;118.9;
721018;47.974;-102.223;
378500;40.35;49.833;
676670;-15.55;28.25;
474330;42.9;140.75;
406340;34.133;42.35;
020810;68.45;22.45;
725059;42.47;-71.289;
043010;83.65;-33.367;
992030;56.3;-147.9;
406070;36.75;43.89;
172500;37.96;34.68;
235780;64.234;87.572;
649100;4.006;9.719;
444620;27.3;86.5;
307580;52.083;113.483;
295580;55.533;89.2;
724677;38.534;-106.933;
238040;61.683;50.783;
429350;20.117;77.117;
488460;18.35;105.9;
719730;48.933;-57.917;
747540;31.335;-92.559;
766850;19.05;-98.167;
586660;28.45;121.883;
723495;37.147;-94.502;
724769;40.452;-105.011;
028030;64.683;25.1;
722363;29.947;-100.174;
997387;19.28;166.62;
431490;17.717;83.233;
583140;31.4;116.333;
726587;43.655;-95.579;
020490;67.15;20.65;
720262;40.054;-106.368;
726509;43.427;-88.703;
113180;46.917;10.867;
471000;37.683;128.717;
612140;18.433;1.35;
166270;40.856;25.956;
946590;-31.156;136.805;
946680;-33.15;136.417;
725665;41.188;-103.677;
072554;47.053;2.633;
723122;34.758;-82.376;
982220;17.883;120.467;
835650;-19.7;-51.18;
377610;40.917;49.05;
442390;48.8;103.55;
415250;34.75;72.9;
722670;33.65;-101.817;
769043;14.794;-92.37;
697774;33.517;44.267;
062790;52.733;6.517;
041540;64.08;-19.73;
917720;-15.567;-175.617;
679650;-20.017;28.617;
720348;33.154;-83.241;
783570;20.95;-76.95;
422990;27.333;88.617;
702756;61.134;-146.248;
832350;-12.4;-46.43;
726284;46.354;-87.395;
998328;36.9;-75.7;
938000;-45.217;166.883;
257150;62.517;155.8;
262260;58.1;23.967;
010877;60.633;3.717;
703891;64.617;-162.267;
517110;40.933;78.45;
085580;38.533;-7.9;
261440;58.75;26.417;
997793;46.083;-85.433;
073300;46.317;-0.4;
402700;31.983;35.983;
724286;39.944;-81.892;
335160;48.85;23.45;
132850;44.75;21.517;
760400;32.4;-115.183;
478910;34.317;134.05;
246390;63.283;118.333;
486000;6.33;99.729;
406650;32.133;46.033;
852420;-17.963;-67.076;
711800;47.72;-59.32;
604570;35.883;0.117;
484290;13.683;100.767;
484400;13.783;102.033;
313289;50.425;127.412;
997203;60.8;-148.3;
725084;41.742;-72.184;
895770;-80.37;77.37;
484030;15.8;102.033;
710349;55.083;-59.183;
850410;-11.04;-68.783;
725780;42.917;-112.6;
417390;26.97;64.1;
720286;32.444;-97.817;
143210;44.75;14.767;
997191;50.8;-96.7;
077610;41.917;8.8;
552790;31.367;90.017;
783300;22.783;-81.183;
118260;48.617;17.833;
722059;42.691;-88.305;
272420;58.483;41.533;
946910;-32.0;141.467;
125750;50.033;20.983;
404370;24.93;46.71;
725462;41.633;-91.543;
865800;-34.833;-56.0;
833090;-14.4;-56.45;
720605;34.717;-79.95;
353940;49.8;73.15;
718450;51.45;-90.2;
719270;48.817;-123.717;
025890;58.4;19.2;
959580;-43.05;146.267;
721031;35.38;-86.246;
428340;21.6;71.217;
589740;25.633;122.067;
161240;44.467;9.933;
912340;20.05;145.217;
255380;64.217;164.233;
997739;46.667;-85.967;
719060;58.1;-68.417;
620020;31.867;10.983;
307640;52.65;115.167;
979000;-7.983;131.3;
997315;37.22;-76.48;
075490;44.883;2.417;
070590;49.967;4.2;
029170;63.017;27.8;
677810;-17.417;32.217;
543080;41.2;116.633;
605360;34.867;0.15;
724347;38.929;-90.428;
725465;41.108;-92.447;
877150;-38.95;-68.133;
687120;-32.833;17.85;
682990;-25.967;31.25;
027450;67.167;29.183;
947660;-33.9;151.117;
702550;61.97;-151.18;
915070;-8.783;160.733;
685580;-30.933;27.6;
854690;-27.167;-109.433;
344340;49.217;39.583;
475980;36.95;140.9;
276480;54.95;41.767;
237080;62.233;52.483;
970280;1.017;120.8;
039510;51.467;-9.417;
483570;17.417;104.783;
722654;30.912;-102.916;
726585;44.223;-93.919;
130100;-0.007;0.011;
471420;35.894;128.659;
804320;9.417;-66.917;
259160;58.833;151.35;
942130;-17.017;128.217;
997444;33.946;142.555;
947470;-34.483;150.4;
685880;-29.967;30.95;
010150;69.6;17.833;
725354;41.717;-85.983;
376820;40.95;43.783;
997651;29.384;-45.058;
484650;13.15;100.067;
722241;42.242;-96.981;
744672;40.159;-89.335;
476580;34.813;138.298;
486790;1.641;103.67;
930690;-35.9;175.1;
725036;41.627;-73.884;
412620;22.35;56.483;
338890;45.367;28.85;
504340;50.45;121.7;
725628;40.453;-99.337;
994971;42.35;-71.05;
033730;53.3;-0.55;
154550;44.283;25.533;
067960;46.6;10.433;
998197;37.8;-122.317;
703057;60.54;-165.09;
957460;-31.509;150.679;
671570;-22.8;47.833;
945690;-26.6;153.1;
947730;-30.533;151.667;
637335;-3.367;34.833;
994430;25.01;-80.38;
162700;41.133;16.75;
064280;50.933;3.667;
716440;49.933;-119.4;
992037;53.7;1.1;
420650;32.267;77.167;
041760;64.933;-15.783;
711090;50.683;-127.367;
945210;-27.15;149.067;
725114;39.918;-76.874;
911820;21.35;-157.933;
997792;45.617;-86.65;
564920;28.8;104.6;
710580;69.67;-121.67;
471610;35.089;128.07;
152640;45.7;27.2;
724674;40.044;-107.888;
066621;47.182;7.417;
720631;34.622;-79.734;
104160;51.518;7.612;
686130;-32.033;18.333;
987550;8.367;126.333;
821450;-1.083;-46.933;
720437;39.761;-101.796;
260590;59.367;28.6;
945953;-17.581;123.828;
718964;51.483;-78.75;
343570;49.567;42.733;
719210;54.8;-66.8;
013730;60.567;9.133;
720268;30.972;-84.637;
471540;36.117;128.317;
725488;42.681;-91.974;
680045;-17.483;16.322;
041450;65.667;-20.3;
820420;1.833;-61.133;
010080;78.25;15.467;
947620;-31.067;150.833;
722539;29.893;-97.863;
160950;45.396;11.848;
727477;48.856;-95.697;
745430;37.702;-98.747;
984320;14.083;121.05;
954800;-29.667;138.067;
483810;16.283;102.467;
084290;37.95;-1.233;
582210;32.85;117.3;
262290;57.867;24.367;
877500;-38.733;-62.167;
997828;-32.281;14.603;
711180;52.817;-111.1;
955660;-26.95;152.967;
471650;34.817;126.383;
265180;55.617;22.233;
720599;34.783;-81.2;
712080;53.817;-89.9;
411280;17.617;44.417;
623870;28.083;30.733;
031402;59.733;1.667;
723271;36.182;-86.887;
920010;-6.083;141.183;
724088;39.13;-75.466;
028160;68.083;27.183;
549160;35.567;116.85;
722541;33.19;-96.591;
594170;22.367;106.75;
747680;33.483;-90.985;
688410;-33.45;25.75;
082190;40.65;-3.733;
992730;32.5;-79.1;
483790;16.433;101.15;
725045;41.264;-72.887;
512430;45.6;84.85;
722168;44.779;-95.033;
124550;51.217;18.567;
340470;51.833;41.483;
166130;40.783;21.4;
360920;52.15;93.917;
172950;36.7;28.78;
990115;4.013;-37.953;
723529;34.147;-97.123;
412670;22.667;59.4;
714390;45.333;-81.733;
577760;27.3;112.7;
747750;30.07;-85.576;
014890;60.05;10.683;
680380;-20.467;25.983;
850430;-11.017;-66.117;
723756;34.849;-111.788;
160890;45.467;10.55;
647000;12.133;15.033;
106130;50.174;7.063;
943560;-20.033;146.267;
162490;41.25;13.117;
060550;56.367;8.117;
577450;27.45;109.683;
727687;47.707;-104.193;
011670;68.7;15.417;
031412;60.683;-2.533;
208710;71.883;82.7;
479276;24.827;125.145;
408720;27.833;51.933;
985460;12.5;124.633;
721017;48.12;-101.96;
947590;-33.691;151.225;
165410;39.667;9.433;
994560;25.59;-80.1;
222350;67.35;37.05;
294710;56.9;93.133;
712010;49.3;-123.12;
722587;33.637;-95.451;
783280;22.867;-82.517;
701740;66.917;-151.533;
720308;41.196;-96.112;
684950;-28.733;32.083;
687140;-32.967;18.167;
581500;33.75;120.3;
377110;40.867;45.15;
082260;40.667;-3.167;
724387;40.528;-86.059;
680140;-19.6;18.117;
720543;41.307;-85.064;
997273;41.7;-71.17;
943090;-20.783;117.15;
724694;39.785;-104.543;
715250;49.917;-110.917;
481030;16.5;97.617;
720415;43.433;-86.0;
720717;29.117;-89.55;
038650;50.95;-1.357;
873710;-31.7;-60.817;
077750;42.267;9.533;
723441;41.729;-98.056;
720584;26.967;-99.25;
259130;59.55;150.783;
628800;7.7;28.017;
476860;35.765;140.386;
995004;-3.906;80.453;
654180;9.5;-0.85;
946540;-32.8;134.217;
430170;19.133;76.833;
873950;-31.3;-58.017;
008414;31.0;61.9;
724380;39.733;-86.267;
947400;-31.033;150.267;
153160;45.3;22.517;
720976;32.333;-108.691;
442590;48.083;114.55;
477690;34.833;134.667;
136250;40.083;20.15;
873490;-31.667;-63.883;
011500;66.5;14.95;
998347;28.2;-88.5;
442970;46.117;106.383;
268360;53.6;25.85;
614010;25.233;-11.617;
994061;45.651;-84.472;
711140;49.367;-121.483;
789220;14.767;-60.883;
406110;36.383;44.2;
013400;60.42;7.28;
997533;19.079;-76.861;
698104;24.25;54.55;
481070;15.25;97.867;
414050;16.967;43.733;
719246;76.417;-82.9;
061180;54.964;9.792;
067030;46.67;6.312;
916010;3.033;172.783;
128920;47.967;21.883;
589680;25.033;121.517;
766753;19.337;-99.566;
958160;-37.183;139.8;
085060;38.517;-28.633;
727452;47.842;-96.622;
997705;27.85;-82.55;
035660;52.357;-0.108;
997692;41.53;-81.63;
681115;-23.25;17.067;
722128;35.483;-81.161;
306830;53.967;121.933;
036333;51.894;-2.167;
722177;35.195;-83.863;
992180;45.3;-86.4;
998017;37.417;-76.717;
675910;-12.917;34.267;
711370;49.067;-107.583;
727890;48.464;-119.516;
997195;43.5;-82.1;
727453;46.901;-95.068;
984250;14.583;120.983;
833930;-16.0;-41.283;
986460;10.317;123.983;
913170;7.383;143.917;
442640;46.083;91.533;
916830;-18.05;178.567;
747400;30.5;-99.767;
997699;-14.28;-170.7;
021100;65.333;15.067;
171930;38.617;34.7;
523780;41.367;102.367;
522030;42.817;93.517;
310260;58.733;130.617;
564620;29.0;101.5;
012370;63.517;9.117;
535880;38.95;113.517;
727730;46.917;-114.083;
173020;36.867;30.7;
284935;56.173;92.493;
577660;27.183;111.45;
484500;14.017;99.533;
314420;51.983;127.65;
214320;76.0;137.867;
428070;22.533;88.333;
726818;43.834;-111.804;
260670;59.433;29.5;
243710;66.8;136.683;
684760;-28.582;29.75;
325190;54.617;161.2;
041300;64.133;-21.9;
478130;33.267;130.3;
408210;31.9;54.283;
031660;55.933;-3.35;
263390;57.133;25.917;
722173;34.711;-97.223;
726578;45.95;-94.347;
997072;27.2;-90.3;
911860;21.155;-157.096;
913691;7.083;171.133;
997385;8.73;167.73;
801120;6.133;-75.433;
722226;30.724;-87.022;
712420;52.45;-113.75;
722656;31.78;-103.201;
723270;36.233;-86.55;
450110;22.15;113.6;
381411;47.122;51.821;
570250;34.517;107.383;
664600;-17.083;15.733;
718436;53.017;-78.833;
640400;0.517;25.183;
702625;63.02;-154.36;
486030;6.2;100.4;
249660;60.383;134.45;
401980;29.94;34.936;
725347;42.417;-87.867;
153280;45.317;26.367;
313000;53.7;127.3;
957080;-33.067;147.217;
997712;30.661;152.579;
720160;37.601;-81.559;
997396;14.5;-53.0;
803540;1.589;-75.564;
614150;20.933;-17.033;
162240;42.083;12.217;
353340;49.8;57.983;
475880;38.25;140.35;
171120;40.138;26.427;
655220;10.333;-3.183;
719590;46.633;-60.933;
572900;32.933;113.917;
998338;43.8;-79.0;
478230;32.033;130.2;
601050;35.15;-6.1;
013005;61.217;1.833;
270080;59.403;35.907;
720633;34.403;-80.119;
415160;35.917;74.333;
912020;10.2;139.8;
840750;-0.4;-76.6;
720701;41.052;-93.69;
837660;-23.38;-51.18;
027520;62.2;21.167;
864500;-32.683;-57.633;
429610;20.3;83.3;
618110;11.433;-9.167;
722284;32.615;-85.434;
427680;22.1;79.0;
108050;48.369;7.828;
647540;11.033;20.283;
820980;0.051;-51.072;
701045;68.031;-162.903;
405940;28.55;48.383;
693774;4.07;-73.55;
112800;47.117;14.183;
724520;37.284;-98.553;
722857;48.941;-97.903;
717660;49.333;-124.4;
403570;30.9;41.13;
977220;-3.35;128.883;
135900;41.9;21.85;
251230;68.75;161.283;
152790;45.6;24.617;
945750;-27.567;153.0;
727455;47.386;-92.839;
956680;-33.767;140.117;
432260;14.283;74.45;
874160;-33.083;-68.417;
633300;13.5;39.483;
710420;49.133;-123.0;
804150;10.603;-66.991;
063700;51.45;5.417;
162320;42.0;15.0;
604610;35.7;-0.65;
353942;46.283;48.006;
129150;46.867;16.8;
470970;37.267;127.483;
013370;60.633;6.433;
028580;69.583;28.9;
716880;50.15;-123.117;
067790;46.433;9.767;
623350;31.2;34.2;
726572;46.284;-96.157;
720594;29.717;-95.383;
810025;6.8;-58.1;
038080;50.217;-5.317;
476260;36.15;139.383;
722740;32.1;-110.933;
080840;42.45;-2.333;
998010;31.417;-81.283;
474200;43.317;145.583;
723144;35.428;-81.935;
012770;64.017;11.45;
424520;25.15;75.85;
717040;43.0;-82.317;
992370;46.2;-124.5;
024870;59.3;18.7;
948660;-37.666;144.832;
783130;22.167;-84.1;
432890;12.5;76.833;
533520;41.7;110.433;
122800;53.783;21.583;
712920;51.267;-102.467;
726817;47.457;-115.645;
727924;46.118;-122.898;
995740;57.0;1.9;
014940;59.383;10.783;
027970;64.15;25.433;
766120;20.667;-103.383;
713100;46.45;-62.58;
726555;46.405;-94.131;
992610;19.3;-160.6;
037610;51.233;-0.95;
226480;63.117;39.233;
324110;55.583;155.583;
722427;29.519;-95.242;
314740;51.633;133.267;
537640;37.5;111.1;
623370;31.083;33.817;
414340;14.583;44.417;
484080;15.383;105.05;
162530;41.05;14.067;
958230;-36.654;140.521;
998497;41.976;-87.648;
702626;57.58;-157.58;
020950;67.2;23.383;
279350;52.883;40.483;
713880;48.3;-70.917;
727530;46.9;-96.8;
689230;-34.15;19.9;
634510;8.733;38.95;
689250;-34.05;19.15;
839950;-32.183;-52.067;
717385;47.97;-84.78;
997987;15.2;-67.6;
722062;31.478;-82.86;
719485;69.361;-124.059;
721036;43.467;-108.238;
787935;9.341;-82.251;
725450;41.883;-91.717;
723274;36.056;-85.531;
110780;48.033;15.583;
722152;36.453;-99.522;
151130;46.85;27.45;
383920;41.833;59.983;
941250;-13.05;131.017;
722238;31.35;-85.667;
013830;61.4;11.15;
309670;49.9;115.75;
617310;13.317;-14.217;
727430;46.531;-87.549;
727415;45.631;-89.482;
783520;21.85;-78.117;
433210;11.033;77.05;
160083;46.833;10.5;
787830;9.357;-79.867;
484590;13.367;100.983;
013620;61.667;8.367;
223830;66.733;47.717;
997816;3.137;-32.248;
827980;-7.148;-34.951;
119275;48.638;19.134;
997698;40.8;-74.75;
985310;12.367;121.05;
725068;41.876;-71.021;
075880;44.067;6.0;
994086;30.06;-84.29;
590870;23.883;113.517;
725417;42.566;-84.423;
442320;49.383;102.7;
712490;51.7;-113.233;
432640;13.667;77.917;
726163;42.805;-72.004;
702595;60.476;-151.034;
067060;46.483;6.45;
860860;-22.283;-57.933;
745985;36.631;-80.018;
067040;46.517;6.333;
415170;35.3;75.683;
478830;33.546;133.669;
234180;65.133;57.133;
946050;-32.517;115.717;
062050;55.417;3.817;
424230;26.067;90.167;
172043;38.748;41.661;
713470;56.067;-118.433;
416400;31.55;74.33;
895140;-70.767;11.75;
720664;28.083;-87.983;
943030;-21.45;115.017;
037400;51.5;-1.983;
161200;44.417;8.85;
476170;36.15;137.25;
259220;60.717;155.883;
066270;46.483;7.133;
727970;47.95;-124.55;
012400;64.167;9.4;
720596;34.3;-81.633;
037430;51.2;-1.8;
030630;57.2;-3.833;
946360;-33.583;120.05;
723107;33.587;-80.209;
955650;-25.317;152.883;
620525;32.894;13.276;
446100;56.539;-6.833;
080850;42.77;-1.646;
298920;53.95;98.817;
639800;-4.667;55.517;
249620;60.9;131.983;
271760;58.933;46.767;
997704;67.57;-164.65;
484350;14.633;101.317;
085090;38.767;-27.1;
600070;28.033;-17.217;
414660;13.683;44.133;
030340;57.867;-5.633;
997621;3.545;104.394;
857440;-38.933;-72.65;
062400;52.317;4.783;
011460;66.233;13.883;
998277;25.417;-80.95;
203530;76.95;68.55;
509150;45.517;116.967;
711300;53.333;-104.017;
832080;-12.7;-60.1;
027470;60.383;22.1;
726134;44.368;-71.545;
786270;15.317;-91.467;
691464;40.869;141.378;
943370;-20.667;141.733;
573990;31.133;114.95;
484330;14.883;103.45;
888810;-51.674;-58.108;
842650;-3.983;-79.367;
170590;41.25;29.033;
010882;62.578;11.342;
724040;38.3;-76.417;
720517;41.824;-110.557;
722131;35.541;-78.39;
345790;48.217;46.733;
724945;37.359;-121.924;
410320;25.667;39.383;
076480;43.6;5.1;
040650;66.533;-18.017;
478440;32.666;128.833;
712910;49.15;-88.333;
477620;33.95;130.933;
070150;50.567;3.1;
895920;-66.55;93.017;
432011;15.35;75.083;
715760;72.7;-77.95;
722308;29.1;-90.2;
715890;48.55;-53.97;
719100;64.233;-76.533;
484130;15.583;101.117;
484540;13.7;100.567;
064960;50.483;6.183;
824250;-4.08;-63.13;
601850;32.283;-9.233;
682630;-25.917;28.217;
726519;45.669;-96.991;
689210;-34.8;20.067;
917760;-15.95;-173.767;
998243;55.333;-160.5;
932450;-38.733;176.067;
946040;-33.35;115.65;
723425;33.623;-92.763;
470600;38.717;125.383;
060580;56.0;8.15;
722039;26.197;-80.171;
996420;40.3;-73.2;
032380;55.017;-1.867;
945990;-28.633;153.633;
085480;40.15;-8.467;
871290;-27.767;-64.3;
162800;40.917;12.95;
827800;-7.067;-41.483;
726427;46.69;-92.095;
957710;-32.783;151.333;
997888;55.501;-30.669;
160595;45.086;7.603;
724386;40.412;-86.937;
715820;52.183;-128.15;
337610;47.85;30.267;
715910;44.6;-63.53;
062110;53.817;2.95;
996210;53.9;-138.9;
941400;-12.117;134.9;
703054;61.845;-165.571;
320690;50.05;142.167;
027440;61.5;23.767;
722692;38.583;-77.717;
998226;28.017;-97.05;
717050;46.1;-64.683;
483850;16.016;98.866;
720468;30.558;-92.099;
945959;-36.416;146.307;
030650;57.117;-3.633;
722196;33.875;-84.302;
262750;58.017;31.317;
584570;30.233;120.167;
998191;19.717;-155.05;
412950;19.95;57.1;
845010;-8.083;-79.1;
963230;4.583;114.2;
727440;47.169;-88.489;
997270;39.35;-74.42;
997268;46.5;-84.37;
727928;47.49;-122.765;
838440;-25.517;-48.517;
477550;34.9;132.067;
085340;38.7;-9.033;
249080;60.333;102.267;
433680;9.15;92.817;
715770;50.617;-96.967;
442660;46.317;93.9;
997487;43.131;-127.167;
997525;12.153;112.58;
711330;53.367;-107.55;
166420;39.696;20.823;
136190;41.683;20.433;
066590;46.983;8.25;
997130;44.3;-67.3;
703430;59.433;-146.333;
996500;48.8;-126.0;
967490;-6.117;106.65;
325800;53.067;158.783;
715000;53.817;-114.533;
618200;10.367;-12.083;
724756;37.706;-112.145;
702035;63.686;-170.493;
703330;56.95;-158.617;
038760;50.833;-0.283;
411840;25.617;55.933;
720377;35.638;-91.176;
725409;41.921;-84.586;
488480;17.483;106.6;
715590;49.217;-102.967;
720671;31.554;-81.883;
430130;19.833;75.8;
918090;-10.433;-161.017;
133760;43.7;20.7;
406560;32.567;44.05;
956310;-31.299;116.827;
636240;3.933;41.867;
998208;34.333;-80.7;
977800;-3.917;136.367;
283190;57.083;54.75;
982330;17.633;121.75;
378600;40.533;50.0;
021260;65.017;17.7;
412160;24.433;54.467;
995022;70.9;-165.2;
465390;42.88;-127.654;
024310;59.867;15.25;
024690;59.183;17.917;
638870;-7.667;35.75;
655050;12.467;-3.483;
670230;-14.283;50.167;
277450;54.35;41.967;
997360;29.77;-90.42;
725156;42.159;-76.892;
332280;50.7;29.583;
167161;37.936;23.944;
470350;40.1;124.383;
998306;25.619;-81.044;
112120;46.6;13.667;
414363;15.983;48.95;
997703;28.92;-89.4;
027570;59.817;23.583;
106160;49.949;7.264;
722037;25.999;-80.241;
284340;56.65;57.783;
030170;58.95;-2.9;
946950;-31.567;143.367;
151070;46.933;25.367;
972300;-8.75;115.167;
433360;10.15;76.4;
234120;65.967;56.917;
720613;33.829;-79.122;
716220;43.033;-81.15;
856720;-36.583;-72.033;
689263;-34.555;20.251;
152080;46.067;23.567;
029490;60.65;23.8;
296420;55.27;86.107;
998264;30.217;-93.217;
744667;46.091;-94.361;
268870;53.35;32.067;
150950;46.983;22.6;
718442;62.179;-75.667;
722268;31.317;-85.45;
034145;52.64;-2.306;
726060;43.65;-70.317;
720319;39.016;-87.65;
067120;46.333;6.917;
726164;44.368;-71.544;
489300;19.883;102.133;
644600;2.067;14.033;
484315;14.949;102.313;
067340;46.667;7.867;
720320;32.354;-97.434;
298020;53.817;76.533;
595590;22.0;120.75;
871660;-27.45;-58.767;
308440;51.35;110.467;
997933;54.6;-151.579;
062670;52.9;5.383;
711600;62.7;-109.15;
785510;17.7;-64.813;
680240;-21.7;21.65;
992043;60.7;-2.6;
714320;43.25;-79.217;
233580;66.1;76.783;
119000;46.533;23.3;
966850;-3.433;114.75;
024580;59.9;17.6;
715670;53.95;-110.58;
727640;46.767;-100.75;
875820;-34.567;-58.417;
434970;6.117;81.133;
170575;41.138;27.919;
959860;-43.233;148.0;
478980;32.717;133.017;
263240;57.35;23.117;
025140;65.59;19.282;
060310;57.183;9.95;
998255;45.783;-84.717;
424730;25.467;80.367;
995021;71.5;-164.1;
560295;32.817;97.133;
727740;45.965;-112.5;
717540;52.77;-108.25;
724280;40.0;-82.883;
846280;-12.017;-77.117;
153460;45.1;24.367;
721012;47.909;-100.927;
725541;40.607;-95.866;
170223;41.0;29.217;
121350;54.6;18.817;
785263;18.433;-66.011;
725830;40.9;-117.8;
067300;46.55;7.983;
719465;63.209;-123.437;
480530;20.833;95.833;
956950;-31.517;143.383;
722175;32.64;-83.592;
029580;61.05;28.2;
722014;28.474;-82.454;
997462;51.701;-36.2;
724335;38.323;-88.859;
067900;46.983;9.667;
041970;65.267;-13.583;
332960;50.417;25.75;
486500;2.71;101.7;
108530;48.711;11.212;
466860;25.078;121.233;
678750;-19.317;31.433;
723660;34.427;-100.283;
827890;-7.85;-38.133;
725315;40.04;-88.278;
430030;19.117;72.85;
066820;46.917;9.183;
998471;21.3;-158.1;
384574;41.761;59.827;
072490;47.983;1.783;
617660;11.895;-15.654;
945930;-27.433;153.55;
998153;27.3;-84.3;
953050;-21.667;115.117;
411770;24.717;51.217;
710080;50.883;-112.45;
716100;45.4;-71.883;
035770;52.362;0.486;
711760;59.98;-64.17;
955810;-27.7;153.2;
720643;43.235;-93.624;
725292;41.709;-92.735;
029390;62.767;30.967;
875340;-34.133;-63.367;
997602;31.705;-175.794;
996050;51.1;-13.3;
261148;53.882;28.031;
605710;31.5;-2.25;
270830;59.85;48.283;
802100;4.817;-75.733;
713070;42.45;-81.883;
725140;41.25;-76.917;
716110;45.37;-71.82;
024620;59.867;17.633;
959670;-43.483;147.15;
407270;36.25;46.267;
990096;2.044;138.165;
692084;37.967;128.083;
943380;-21.833;140.883;
014240;59.65;6.367;
722031;34.269;-86.858;
022210;63.833;13.5;
014600;59.433;10.583;
126950;49.8;22.767;
276750;55.183;46.333;
152970;45.433;23.633;
413120;16.933;54.017;
422710;27.383;80.167;
427980;22.817;86.183;
488770;12.217;109.217;
949410;-35.733;150.183;
170600;40.96;28.81;
066900;47.483;9.567;
085610;38.067;-7.917;
308790;51.317;119.617;
249280;60.267;111.733;
722783;33.461;-111.728;
852930;-19.543;-65.724;
998432;59.548;-139.733;
013290;60.35;6.267;
309650;50.4;116.517;
171650;39.117;39.55;
942100;-15.511;123.156;
947160;-34.717;149.733;
604591;32.933;3.283;
713760;46.08;-74.55;
605250;34.8;5.733;
997668;42.011;-64.754;
013360;60.65;6.217;
516440;41.717;82.95;
061680;56.117;12.35;
023470;61.833;16.55;
949630;-42.75;146.617;
644050;-3.683;13.35;
152150;46.083;25.6;
027230;67.783;24.85;
725645;41.317;-105.683;
714880;49.0;-113.383;
604250;36.217;1.333;
246710;63.95;135.867;
161140;44.383;7.817;
014843;59.317;10.45;
958060;-35.283;136.933;
228370;61.017;36.45;
713210;63.75;-68.55;
718280;54.8;-66.8;
484580;13.5;101.45;
956920;-33.383;142.567;
961470;3.95;108.383;
726881;45.195;-123.133;
638700;-6.217;39.217;
572790;32.15;112.667;
722333;38.1;-106.17;
998201;30.35;-88.567;
749179;36.9;-121.417;
624650;26.133;34.25;
714060;51.02;-57.1;
264050;57.4;21.533;
747950;28.25;-80.617;
063210;52.0;3.283;
946660;-34.004;137.528;
998479;37.798;-122.393;
172550;37.539;36.953;
719790;53.8;-118.45;
722748;32.955;-111.767;
286610;55.467;65.4;
948130;-36.967;139.717;
743945;42.933;-71.438;
588130;26.85;116.333;
720323;30.243;-98.91;
247680;62.033;132.6;
703656;59.75;-161.833;
915790;-20.65;166.583;
720713;40.204;-84.532;
718990;54.25;-133.05;
957480;-34.567;150.783;
724519;37.091;-95.566;
012250;63.517;7.95;
013230;61.393;5.764;
118160;48.2;17.2;
997505;66.216;-9.79;
719440;55.3;-123.133;
720997;47.383;-109.817;
557730;27.733;89.083;
115380;49.2;14.35;
722092;36.607;-94.739;
471150;37.483;130.9;
992032;59.2;1.5;
042030;76.633;-73.0;
477870;34.045;131.052;
067150;46.183;7.033;
879090;-49.317;-67.75;
111300;47.583;12.167;
387180;39.1;68.383;
467400;22.577;120.35;
718170;52.3;-55.833;
314780;52.267;133.983;
412760;20.8;57.117;
765480;22.2;-97.85;
725060;41.253;-70.061;
082860;39.95;-0.067;
076610;43.083;5.933;
471690;34.687;125.451;
027060;60.25;24.05;
941020;-13.75;126.15;
727344;46.251;-84.472;
682650;-25.983;28.133;
360200;52.485;80.176;
110370;48.2;16.567;
976980;-2.367;140.717;
486726;4.537;103.427;
726798;45.698;-110.44;
804500;7.883;-67.444;
171280;40.11;32.98;
471220;37.091;127.03;
685820;-29.65;30.4;
171900;38.75;30.53;
038740;50.8;-1.217;
140210;46.483;15.117;
765560;21.517;-104.883;
727686;48.094;-105.574;
721045;39.333;-94.31;
941470;-11.017;136.75;
947380;-32.067;150.933;
947610;-30.383;150.617;
720305;33.255;-97.581;
293130;57.533;79.367;
349540;45.35;42.85;
722224;30.072;-83.574;
170310;41.25;36.55;
561440;31.733;98.567;
689350;-34.05;23.083;
077800;41.5;9.1;
410240;21.7;39.183;
720925;27.2;-90.033;
725217;39.364;-84.525;
726185;44.316;-69.797;
144410;43.05;16.1;
722589;33.206;-97.199;
215350;74.667;138.9;
682643;-25.654;28.224;
024130;60.75;12.767;
022300;64.217;15.55;
162630;41.05;15.233;
641150;-1.967;18.267;
246410;63.767;121.617;
783630;20.283;-76.25;
020720;67.733;22.833;
013840;60.2;11.083;
166653;39.177;23.504;
027080;62.183;22.8;
674410;-11.75;24.433;
722032;44.073;-93.553;
151430;46.583;23.783;
896670;-77.95;166.5;
443050;46.683;113.283;
716830;68.75;-133.5;
415040;36.167;73.4;
434440;7.333;80.633;
410310;21.417;39.867;
725510;40.85;-96.75;
998219;30.317;-89.317;
998433;19.174;-96.093;
636304;2.25;32.9;
994021;48.368;-124.617;
012530;62.95;10.183;
221050;68.35;30.733;
681041;-24.605;17.925;
011980;68.783;19.7;
340560;52.25;43.783;
943800;-23.85;151.267;
407310;36.25;50.0;
720113;42.543;-83.178;
110820;48.033;16.283;
066080;47.05;6.983;
101720;53.918;12.278;
080800;42.883;-2.724;
710750;58.183;-103.7;
433290;11.767;79.767;
153170;45.283;22.533;
084330;37.783;-0.8;
997807;27.6;-80.2;
722610;29.367;-100.917;
117740;49.317;17.567;
132420;44.941;17.298;
722515;27.683;-97.283;
028830;64.217;27.75;
722366;30.343;-89.822;
718940;49.38;-126.55;
654690;5.2;-1.067;
029150;63.083;25.867;
309570;50.267;113.267;
913200;8.583;149.65;
650020;6.474;7.562;
278480;53.45;41.8;
997395;19.8;-84.9;
711220;51.2;-115.55;
333170;50.167;27.033;
804620;4.555;-61.145;
406760;31.017;46.233;
416720;30.783;72.2;
431500;17.7;83.3;
537870;37.067;112.983;
072000;47.8;-4.367;
716971;52.2;-87.93;
111100;47.133;10.233;
407822;36.65;51.5;
026020;56.4;12.95;
220030;69.933;31.983;
701338;61.533;-165.583;
034185;52.831;-1.328;
727760;47.45;-111.383;
720721;29.483;-93.633;
719830;75.367;-105.717;
470500;39.617;125.65;
719860;50.8;-111.0;
720638;44.095;-121.2;
724180;39.673;-75.601;
066570;46.85;8.2;
476713;35.68;139.72;
725086;41.371;-73.483;
710267;46.3;-63.583;
167540;35.317;25.017;
037840;51.467;0.3;
710980;53.05;-93.333;
996480;51.2;1.8;
060650;56.75;9.5;
725266;41.8;-78.633;
163330;40.233;18.133;
711440;50.633;-98.033;
429010;21.617;87.5;
408356;39.33;44.43;
996220;58.2;-138.0;
702005;62.06;-163.302;
029920;60.267;26.45;
022090;63.05;12.283;
155250;43.15;24.7;
150690;47.317;25.133;
726558;46.701;-92.504;
720858;48.48;-99.236;
787210;14.382;-87.621;
023070;61.883;12.85;
111900;47.85;16.533;
071030;48.033;-4.733;
865860;-34.867;-55.1;
024110;59.667;12.633;
345040;48.6;34.967;
693254;30.417;-86.667;
956750;-34.734;138.465;
161220;44.051;8.127;
406270;34.383;41.017;
954480;-27.85;120.7;
714080;47.367;-55.783;
067330;46.633;7.383;
726690;41.8;-107.2;
998447;39.0;-76.4;
720567;41.552;-112.062;
725109;40.238;-75.557;
718620;49.217;-102.967;
998459;59.6;-151.8;
132790;44.367;20.95;
947230;-32.567;148.95;
687270;-32.35;22.55;
475830;40.192;140.371;
605400;34.15;0.067;
727450;46.833;-92.183;
712110;49.48;-123.3;
323330;57.65;163.233;
170950;39.9;41.283;
026070;56.283;12.083;
579720;25.8;113.033;
021470;65.15;18.6;
345350;48.3;40.3;
172370;37.78;29.08;
412460;24.467;56.65;
857030;-37.467;-72.35;
975600;-1.183;136.117;
063400;51.45;4.35;
945150;-26.55;148.783;
945860;-28.8;153.333;
840080;-0.9;-89.617;
484390;13.983;101.7;
426310;23.25;68.85;
997355;25.73;-80.15;
764230;24.05;-104.6;
011240;64.167;12.467;
282550;58.05;63.683;
998482;27.812;-97.39;
338050;47.583;34.45;
720448;37.578;-84.77;
478210;32.883;131.067;
066190;46.833;6.583;
724125;37.296;-81.208;
839070;-28.4;-55.017;
829650;-9.866;-56.106;
725499;40.631;-93.901;
408352;34.28;48.82;
985500;11.233;125.033;
915740;-19.967;158.483;
844740;-7.169;-76.729;
071825;48.325;6.07;
377560;40.533;48.933;
152090;46.183;23.933;
409380;34.21;62.228;
336090;48.717;32.667;
082380;40.817;0.5;
444040;29.3;80.583;
636120;3.117;35.617;
029670;60.283;27.183;
225830;64.75;47.65;
160590;45.217;7.65;
014300;58.017;7.45;
717760;49.48;-117.3;
960910;0.917;104.533;
724345;38.657;-90.656;
674030;-9.8;29.083;
474905;42.891;143.158;
726679;45.698;-92.953;
622590;25.8;21.133;
942170;-16.633;128.45;
913670;7.267;168.833;
416240;31.82;70.92;
714360;44.233;-78.367;
152060;46.167;22.667;
723629;30.069;-93.801;
637990;-3.229;40.102;
371930;43.45;41.733;
151540;46.65;27.717;
085155;39.092;-28.03;
724675;39.643;-106.918;
766546;19.397;-102.039;
628710;8.467;25.683;
713041;45.25;-74.97;
712700;44.5;-80.217;
479270;24.783;125.267;
997718;23.523;-52.038;
133880;43.333;21.9;
577930;27.8;114.383;
022970;64.483;21.583;
110800;48.2;16.233;
143280;45.267;15.233;
997831;48.484;177.832;
720982;41.117;-103.983;
228910;60.55;30.317;
871620;-26.2;-58.233;
424920;25.6;85.1;
949600;-42.45;147.467;
303850;56.583;121.483;
617120;13.483;-16.183;
483730;17.167;99.867;
344210;49.417;38.167;
997309;38.32;-76.45;
332310;51.283;30.233;
604592;35.542;-0.532;
864400;-32.35;-54.183;
998349;38.0;-76.3;
996040;57.9;-0.9;
724284;39.901;-83.137;
024820;60.267;16.983;
840100;-0.9;-89.617;
722390;31.045;-93.192;
388560;38.467;70.883;
575160;29.583;106.467;
074770;45.933;4.383;
767410;18.133;-94.417;
341520;51.55;43.15;
720376;34.229;-86.256;
704890;53.9;-166.543;
484090;15.033;104.25;
998185;28.4;-96.717;
723055;35.765;-80.954;
720916;27.633;-90.45;
942030;-17.95;122.233;
723530;35.383;-97.6;
997630;27.632;141.507;
346150;47.617;37.35;
727670;48.183;-103.633;
675860;-13.783;33.767;
027670;61.05;25.05;
122260;53.395;16.083;
722156;34.123;-84.849;
711450;53.85;-94.65;
475950;37.767;140.467;
717470;48.75;-91.617;
917530;-13.233;-176.167;
782561;22.461;-78.328;
228290;61.017;35.483;
655000;14.633;-0.067;
384030;41.75;62.467;
476070;36.717;137.2;
998297;25.217;-80.65;
997389;33.8;-78.5;
619670;-7.313;72.411;
691734;33.25;44.233;
747560;29.692;-82.276;
682677;-23.867;29.45;
839190;-28.667;-50.433;
431050;18.333;84.133;
295510;56.183;87.683;
260940;59.65;33.55;
407940;32.267;48.417;
711560;53.583;-116.467;
085010;39.45;-31.133;
612260;16.248;-0.005;
703626;59.243;-135.509;
222490;67.133;39.667;
710330;57.25;-105.6;
427920;22.117;84.033;
713610;60.833;-115.767;
421310;29.167;75.733;
747930;27.651;-80.42;
720401;35.6;-92.45;
783200;22.783;-82.517;
031050;55.683;-6.25;
475800;40.703;141.368;
417810;24.9;66.933;
722074;38.089;-88.123;
102240;53.048;8.787;
068460;46.717;9.517;
426390;23.0;70.217;
725376;42.233;-83.533;
726579;44.832;-93.471;
408359;30.298;56.051;
485170;10.483;99.183;
994042;18.33;-64.92;
946020;-32.017;115.5;
239140;60.4;56.517;
304930;55.967;124.883;
030220;57.481;-7.363;
268640;53.5;29.333;
542590;42.067;124.867;
662260;-9.689;20.432;
298220;53.817;81.267;
714590;50.9;-109.5;
043600;65.6;-37.633;
309350;50.367;108.75;
477990;34.285;129.331;
039560;52.283;-6.483;
384031;42.483;59.633;
723146;36.432;-81.42;
250420;69.917;167.967;
071690;48.633;4.9;
713010;48.15;-80.0;
066040;47.0;6.95;
722575;31.086;-97.686;
067000;46.25;6.133;
720572;40.612;-112.351;
830630;-10.719;-48.4;
476810;34.75;137.703;
082840;39.5;-0.467;
722066;30.4;-81.417;
040850;65.7;-14.817;
383960;41.567;60.567;
995014;46.7;-56.183;
172380;37.667;30.333;
346910;47.9;48.8;
722819;39.294;-96.926;
122500;53.05;18.583;
340720;52.333;46.367;
746929;35.0;-77.982;
745966;39.009;-74.908;
917410;-13.877;-171.598;
722200;29.733;-85.033;
783470;22.15;-78.75;
714500;51.133;-106.583;
719810;50.5;-114.0;
997881;47.831;-48.018;
170671;38.772;34.535;
714680;49.7;-88.317;
651670;9.233;12.467;
289840;52.95;70.217;
407030;38.55;44.967;
745944;39.281;-76.609;
082020;40.95;-5.5;
997833;28.763;138.995;
163320;40.239;18.133;
836980;-21.698;-41.302;
010860;70.6;29.7;
787330;11.417;-85.833;
744214;40.49;-85.68;
998317;34.1;-77.7;
067280;46.2;7.833;
722176;33.312;-84.77;
681080;-21.233;14.85;
471880;33.383;126.867;
225290;64.233;35.883;
135750;41.85;20.867;
111550;47.817;13.717;
113160;46.933;10.883;
994140;41.4;-71.03;
723013;34.267;-77.9;
150560;47.367;26.933;
607200;36.85;11.083;
037760;51.148;-0.19;
010879;61.533;2.2;
725406;43.78;-82.985;
417160;28.433;70.317;
992027;-8.001;80.446;
404140;24.45;44.121;
113460;47.217;13.0;
317130;48.733;132.95;
618160;10.933;-14.817;
075400;44.033;1.383;
432750;13.667;79.583;
260450;59.517;26.55;
024410;60.967;14.5;
222130;67.55;33.35;
722286;33.212;-87.616;
014611;59.85;8.65;
111540;47.9;13.8;
783750;22.767;-82.133;
340090;51.767;36.167;
710370;49.33;-123.27;
346440;47.583;41.1;
585690;29.2;121.95;
998223;44.333;-75.933;
713910;45.833;-75.633;
480480;21.2;94.917;
383531;43.061;74.478;
484780;12.633;101.35;
119780;48.667;21.733;
722486;32.516;-92.041;
727920;46.967;-122.9;
956100;-32.017;116.133;
027770;60.45;23.65;
714990;57.25;-105.617;
711233;53.668;-113.854;
727790;48.304;-114.264;
765430;22.0;-98.767;
028120;66.533;24.65;
996540;51.4;-128.8;
718794;49.75;-114.88;
375140;41.65;43.0;
150330;47.6;24.65;
746110;35.281;-116.63;
722890;34.233;-118.067;
605180;35.3;-1.35;
072570;47.05;2.65;
996260;43.0;-58.0;
653350;8.033;2.467;
865950;-34.967;-54.95;
722332;45.469;-89.806;
485690;6.917;100.433;
279621;54.401;48.803;
722590;32.9;-97.033;
996340;42.1;-69.7;
636820;0.45;33.183;
944290;-28.117;117.833;
995000;29.2;-88.2;
112340;46.5;14.5;
996790;56.4;2.0;
143240;44.817;14.983;
347850;46.917;47.933;
145510;-7.103;53.717;
724915;36.588;-121.845;
720626;35.883;-101.033;
719740;74.133;-119.983;
712640;44.633;-63.517;
782624;22.97;-82.275;
647085;14.517;20.9;
941160;-12.633;130.367;
071500;48.967;2.433;
043300;74.3;-20.217;
412162;24.248;54.548;
647580;12.183;18.683;
920040;-3.583;143.667;
998173;36.8;-121.783;
724604;37.001;-101.88;
025530;58.083;13.783;
339460;44.683;34.133;
944630;-25.317;131.75;
996850;52.4;-4.7;
683120;-26.533;18.117;
957160;-34.817;149.733;
997782;36.967;-76.417;
433170;11.4;76.733;
036490;51.75;-1.583;
722355;32.239;-90.928;
720608;34.181;-79.335;
800360;10.433;-73.25;
153240;45.283;25.033;
420440;33.583;75.083;
994974;45.2;-87.12;
431930;15.867;73.633;
597920;20.667;116.717;
067490;45.983;7.783;
378440;40.333;48.167;
287220;54.717;55.817;
480330;22.583;95.717;
477470;35.533;134.817;
163640;38.75;16.367;
170450;41.183;41.817;
725460;41.533;-93.65;
277850;54.317;48.333;
719410;48.05;-77.767;
957100;-31.983;147.95;
106140;49.437;7.6;
298270;53.267;80.767;
023020;61.833;12.283;
724050;38.85;-77.033;
722953;35.059;-118.152;
238045;55.508;37.505;
637560;-2.467;32.917;
028490;66.833;28.683;
997802;44.05;-86.517;
470160;41.4;128.167;
010280;74.517;19.0;
486940;1.36;103.91;
723980;38.341;-75.51;
037243;51.383;-2.719;
992013;19.8;-155.0;
433460;10.917;79.833;
538630;37.033;111.917;
649504;3.833;11.517;
619980;-49.35;70.25;
717730;60.717;-135.083;
577120;27.733;106.95;
377400;40.983;47.867;
259270;59.65;154.267;
421040;30.4;76.767;
117820;49.7;18.117;
765930;21.3;-89.65;
536730;38.75;112.7;
725196;43.234;-75.412;
164640;37.05;15.767;
956780;-34.967;138.7;
714950;51.367;-114.083;
111500;47.8;13.0;
432450;14.45;79.983;
351210;51.689;55.074;
297710;55.35;92.1;
747360;36.017;-102.55;
719650;63.617;-135.867;
727700;45.258;-112.554;
723556;35.657;-95.361;
247240;63.033;112.483;
655280;9.5;-7.567;
672730;-16.217;39.9;
913780;6.083;171.733;
166430;38.917;20.767;
023380;61.367;15.717;
637090;-0.667;34.783;
724276;39.594;-84.226;
470520;39.217;126.65;
125800;50.11;22.019;
720918;29.296;-88.842;
406356;36.238;43.963;
160810;45.467;9.267;
726056;43.278;-70.922;
701337;65.617;-168.1;
584720;30.733;122.45;
716340;47.433;-65.583;
723754;34.518;-109.379;
434180;8.583;81.25;
172100;37.917;41.95;
947000;-33.491;145.525;
720943;32.521;-94.308;
858960;-52.383;-75.117;
060660;55.99;8.354;
719030;54.25;-133.05;
154160;44.567;24.8;
939850;-43.817;-176.483;
830650;-10.283;-48.35;
039230;54.233;-6.5;
066330;47.383;8.083;
722620;31.831;-104.808;
682645;-23.16;29.697;
627230;15.667;32.533;
711350;49.167;-105.983;
725384;42.911;-82.529;
998492;42.616;-82.544;
477090;36.167;137.923;
956360;-33.883;119.1;
481080;14.1;98.217;
687170;-30.017;18.983;
442850;46.9;102.767;
425570;24.0;76.717;
433150;11.833;75.333;
080530;42.567;-6.6;
474280;41.867;140.117;
712650;43.617;-79.383;
484340;14.717;102.167;
489170;10.217;103.967;
715780;46.833;-71.183;
024320;59.233;15.05;
997372;39.9;-75.57;
916820;-18.15;178.417;
489530;15.333;106.683;
998004;41.633;-71.333;
251510;68.883;170.783;
415650;33.817;71.883;
012273;62.833;8.3;
021020;65.1;14.517;
724975;37.064;-89.22;
802226;5.319;-72.384;
379780;39.7;48.6;
836230;-20.417;-49.983;
677670;-15.633;30.417;
142320;45.5;15.567;
221400;68.15;39.767;
943630;-23.567;148.183;
724673;39.229;-106.316;
718540;51.067;-93.783;
129250;46.45;16.967;
041150;65.7;-23.083;
314160;52.417;136.5;
229540;60.467;40.2;
060680;56.1;9.183;
072170;47.317;-2.167;
080144;37.133;-3.636;
956710;-34.517;138.683;
354160;49.067;54.683;
039240;54.618;-5.872;
713680;43.467;-80.383;
422730;27.56;81.6;
717810;49.48;-124.43;
949230;-36.233;149.117;
370540;44.233;43.067;
432210;15.5;80.083;
895730;-69.367;76.367;
720988;41.133;-103.483;
720354;34.696;-99.34;
152610;45.683;26.017;
344070;48.8;35.25;
344090;48.9;36.317;
405920;28.567;48.067;
421170;30.4;79.333;
324080;56.217;162.717;
726548;48.941;-95.348;
161970;42.733;10.4;
243380;66.033;117.4;
890540;-62.183;-58.85;
133840;43.933;21.383;
247580;62.267;127.067;
655780;5.25;-3.933;
415980;32.93;73.72;
992023;15.3;145.7;
171270;40.067;32.567;
722239;31.356;-85.751;
260690;59.35;30.133;
128660;47.65;20.633;
714300;43.833;-77.15;
719200;43.45;-65.467;
911975;19.736;-156.048;
722020;25.75;-80.383;
573780;31.167;112.567;
717830;48.45;-123.3;
610800;13.467;7.083;
946800;-34.183;139.083;
710376;54.678;-101.682;
722197;33.355;-84.567;
723249;35.554;-87.179;
153000;45.7;25.533;
152770;45.65;24.267;
121051;52.268;20.911;
010550;71.1;23.983;
997234;51.9;-97.0;
945440;-29.4;151.233;
154790;44.083;27.967;
013570;60.867;8.517;
896640;-77.85;166.667;
416000;32.5;74.53;
536980;38.067;114.35;
995170;59.6;1.5;
670090;-12.35;49.3;
386830;39.717;64.617;
561960;31.45;104.733;
645000;0.45;9.417;
084515;41.728;0.536;
898070;-66.55;107.75;
023430;62.5;16.283;
124880;51.567;21.55;
581020;33.783;115.733;
915515;-15.3;167.967;
681863;-23.824;30.329;
724837;39.136;-121.437;
274910;57.0;48.733;
720864;35.937;-77.547;
804400;8.62;-70.221;
998003;17.95;-66.233;
723896;36.319;-119.393;
062420;53.25;4.917;
239210;60.683;60.45;
013850;60.817;11.067;
712890;52.333;-112.583;
722358;31.183;-90.471;
292090;57.807;77.217;
163440;39.333;16.4;
387500;37.467;53.967;
083905;37.317;-6.0;
021840;66.817;22.333;
062490;52.65;4.983;
084300;38.0;-1.167;
997825;30.336;-22.406;
540270;43.983;119.4;
725527;41.764;-96.178;
676890;-14.317;34.267;
263480;57.133;26.717;
265021;55.894;23.395;
475850;39.65;141.967;
294670;56.283;90.517;
406750;31.717;46.1;
173800;36.2;29.65;
427370;22.3;70.783;
997211;28.15;-82.75;
716970;43.917;-78.883;
647530;18.0;19.167;
724836;38.668;-121.401;
684850;-29.217;30.0;
684490;-28.817;27.9;
998327;42.8;-70.2;
723440;35.333;-94.367;
586460;28.45;119.917;
250620;69.883;175.767;
712940;45.067;-77.867;
076770;43.2;6.683;
943670;-21.117;149.217;
674240;-10.967;33.733;
722420;29.273;-94.859;
723340;35.05;-90.0;
974600;-0.633;127.5;
712040;49.1;-107.017;
071180;48.75;-3.467;
655180;11.15;-1.15;
713290;44.7;-63.63;
420450;33.5;75.167;
670830;-18.8;47.483;
720856;34.689;-86.006;
334290;49.433;26.983;
711900;48.13;-69.72;
995980;45.5;-81.0;
962070;-2.767;101.367;
362080;50.333;83.55;
029470;61.733;27.3;
470580;39.033;125.783;
476400;35.5;138.767;
874670;-32.7;-62.15;
273210;57.5;38.3;
726400;42.95;-87.9;
693024;16.25;0.017;
716190;48.02;-65.33;
342020;50.8;35.767;
789510;13.133;-61.2;
471740;35.067;127.233;
722260;32.3;-86.4;
713000;45.0;-75.633;
725336;40.234;-85.394;
339590;44.683;34.433;
723575;34.568;-98.417;
025460;58.883;14.383;
013755;61.033;2.033;
810020;6.499;-58.254;
841760;-1.65;-78.65;
111260;47.217;11.467;
712090;49.1;-123.3;
947250;-33.9;148.15;
406220;35.517;44.833;
683330;-27.433;23.45;
433450;10.4;78.667;
720272;48.471;-122.421;
062030;52.367;3.35;
859212;-32.95;-71.479;
998171;30.35;-88.417;
724645;37.262;-104.337;
570360;34.447;108.752;
710440;67.57;-139.83;
013070;60.75;4.717;
485200;10.333;99.1;
112520;47.0;12.45;
237410;62.75;71.667;
562940;30.579;103.947;
576870;28.117;112.783;
856290;-34.967;-71.217;
408355;34.35;58.68;
338150;47.017;28.983;
478290;31.733;131.083;
997176;59.602;-151.417;
948820;-37.233;145.917;
997295;41.68;-83.4;
685130;-30.2;17.283;
027260;68.6;23.583;
724390;39.845;-89.684;
014810;59.233;10.35;
039040;54.7;-7.583;
702697;59.45;-157.33;
085400;39.833;-8.883;
855850;-33.633;-78.833;
022590;63.049;17.769;
783290;22.817;-81.0;
401000;33.817;35.483;
715360;49.483;-112.683;
712260;55.383;-116.467;
955910;-27.217;153.1;
783740;23.017;-82.133;
415990;32.5;74.533;
725128;40.849;-77.849;
432430;14.9;79.983;
988510;6.05;125.1;
831920;-11.083;-38.517;
710358;65.211;-123.436;
671130;-19.833;48.8;
783220;22.717;-82.283;
082610;39.467;-6.333;
415215;30.05;70.633;
278580;53.333;43.317;
725940;40.8;-124.167;
992042;57.7;0.7;
723566;34.882;-95.783;
153500;45.15;26.817;
946300;-34.633;117.633;
720278;36.687;-77.483;
727535;46.926;-98.669;
724230;38.183;-85.733;
361970;50.167;82.033;
619010;-15.567;-5.65;
247630;62.817;134.433;
722080;32.9;-80.033;
298740;53.583;92.883;
010880;70.05;29.833;
025360;57.783;13.167;
476420;35.748;139.348;
724105;38.264;-78.896;
682610;-25.817;28.25;
012590;64.4;10.45;
405820;29.25;47.967;
112310;46.65;14.333;
310160;58.633;128.5;
489260;20.25;100.433;
076700;43.0;6.233;
726055;43.078;-70.823;
995012;28.5;-88.3;
949810;-42.133;148.067;
411120;18.233;42.65;
702610;64.817;-147.867;
951420;-12.05;134.233;
579020;25.433;105.183;
023490;62.767;16.733;
726515;44.305;-96.817;
710960;67.53;-63.78;
990074;0.021;-9.85;
992240;41.7;-82.4;
744655;41.77;-88.481;
166850;38.12;20.5;
419290;23.6;89.85;
997638;43.217;152.352;
385980;40.267;69.817;
682870;-24.933;30.85;
712370;51.433;-112.667;
840710;-0.133;-78.467;
724695;39.702;-104.752;
320530;51.917;143.133;
014270;58.117;6.567;
543420;41.733;123.517;
722096;35.983;-115.133;
582380;32.0;118.8;
160330;46.733;12.217;
293740;57.683;93.267;
720516;42.711;-110.942;
723177;36.46;-80.553;
601010;35.733;-5.9;
478990;33.25;134.183;
603530;36.817;5.883;
476390;35.367;138.733;
474180;42.983;144.367;
587310;27.917;118.533;
013270;60.383;5.967;
022310;63.683;14.6;
161070;45.75;12.85;
841000;-0.463;-76.987;
719310;54.77;-112.02;
997473;32.802;-62.068;
629410;4.867;31.6;
720393;34.858;-102.326;
713400;54.317;-113.95;
332360;50.95;30.883;
703406;60.2;-154.32;
279830;53.183;48.4;
417680;25.52;69.78;
722542;30.739;-98.239;
949050;-37.05;147.333;
997736;43.38;-87.87;
272150;58.033;37.1;
713340;58.7;-98.5;
998015;43.333;-70.55;
037683;51.505;0.055;
949390;-36.25;150.217;
348580;45.917;43.35;
175300;35.233;33.733;
602520;30.317;-9.4;
014110;59.067;5.417;
070220;49.65;-1.5;
479290;26.333;126.8;
847350;-15.467;-70.15;
653060;11.133;2.933;
297120;54.7;78.667;
442650;46.117;91.467;
992014;37.0;-75.8;
998337;24.3;-162.2;
110100;48.233;14.183;
012980;64.45;13.717;
997366;27.58;-97.22;
119160;48.983;19.6;
821430;-0.61;-47.38;
423140;27.483;95.017;
654450;6.2;-2.333;
140140;46.217;14.483;
723537;35.852;-97.414;
946820;-34.433;140.6;
720561;36.167;-96.15;
651340;9.64;8.869;
727417;45.407;-83.813;
786550;13.97;-89.53;
838110;-24.4;-50.833;
861280;-23.5;-58.783;
488920;11.417;114.333;
429390;20.667;78.583;
842000;-2.2;-80.983;
720994;47.283;-110.8;
028590;64.667;28.05;
722552;33.651;-97.197;
722899;33.975;-117.636;
725895;42.147;-121.724;
896480;-75.533;145.867;
286420;55.306;61.503;
953620;-24.117;148.083;
721041;25.995;-81.673;
152040;46.017;22.15;
162440;41.633;13.3;
160140;46.883;11.433;
947520;-33.9;150.733;
262140;58.383;21.817;
144420;44.033;16.2;
912580;11.233;169.85;
428050;22.5;87.95;
225510;64.852;40.275;
984300;14.65;121.05;
837780;-22.922;-42.074;
722364;34.681;-90.347;
724737;28.804;-82.318;
170290;41.283;36.3;
724140;38.367;-81.6;
715570;50.1;-120.767;
429140;20.717;70.917;
710100;52.583;-111.467;
170990;39.733;43.05;
720538;40.167;-105.167;
166500;39.917;25.233;
783450;21.617;-78.85;
826400;-6.233;-57.777;
076670;43.1;6.15;
896620;-74.7;164.1;
584240;30.617;116.967;
714570;50.55;-111.85;
725386;44.02;-82.79;
386470;39.25;55.517;
061970;55.05;15.1;
590960;24.367;114.483;
725513;40.894;-97.992;
430120;19.833;75.8;
722637;35.895;-100.404;
997197;46.2;-79.7;
610990;11.883;3.45;
062070;53.617;4.967;
703606;59.053;-160.397;
081480;41.767;-2.467;
966334;-6.973;110.375;
911900;20.9;-156.433;
251470;68.05;166.45;
032200;54.933;-2.967;
742060;47.133;-122.483;
425870;24.05;84.067;
996970;29.2;-94.4;
434760;6.817;80.967;
167264;37.423;24.951;
710610;54.1;-114.45;
675710;-13.233;30.217;
475120;39.067;141.717;
726130;44.27;-71.3;
527130;37.85;95.367;
623601;30.918;29.696;
036040;51.7;-5.05;
680021;-18.067;13.85;
688130;-33.8;18.367;
376630;41.467;47.75;
800011;2.152;-74.766;
607480;35.0;9.483;
720344;42.732;-95.556;
916120;1.383;173.15;
718710;53.3;-110.067;
110750;48.467;15.7;
014340;59.767;7.367;
549290;35.25;117.95;
470920;38.061;128.669;
858326;-43.117;-73.633;
723805;34.768;-114.618;
949680;-41.545;147.214;
687130;-33.717;18.967;
762200;28.95;-107.817;
378510;40.417;49.783;
300280;59.283;106.167;
726770;45.8;-108.533;
113080;47.25;10.183;
100180;54.913;8.34;
408361;27.367;52.733;
990142;-6.035;-10.001;
688320;-33.283;23.5;
020290;67.917;18.6;
916500;-12.5;177.05;
063500;51.567;4.933;
067110;46.517;6.667;
874530;-33.117;-64.233;
720719;28.433;-92.883;
802225;6.95;-71.85;
951210;-12.6;131.3;
851750;-15.717;-63.1;
226860;63.45;47.917;
420270;34.083;74.833;
726360;43.167;-86.25;
574941;18.303;109.412;
371070;43.683;40.2;
842390;-2.883;-78.983;
956640;-33.059;137.514;
720587;29.976;-92.084;
021300;66.483;16.417;
407010;39.333;44.433;
676930;-15.679;34.974;
297590;54.333;89.283;
236310;63.933;65.05;
997726;43.469;-40.997;
474050;44.6;142.967;
508540;46.383;125.317;
725905;39.126;-123.2;
943940;-23.25;155.533;
260720;59.933;31.0;
623780;29.867;31.333;
076293;43.449;1.263;
725104;41.626;-80.215;
140090;46.033;13.9;
995006;-4.04;67.242;
723320;34.267;-88.767;
029570;63.1;26.65;
170610;41.133;29.067;
945550;-28.2;152.1;
871210;-26.85;-65.1;
722038;26.152;-81.775;
366860;46.55;76.867;
067780;46.65;10.267;
419630;22.433;91.1;
224380;65.2;36.817;
715080;43.667;-79.4;
322870;57.083;156.7;
720743;26.071;-97.157;
400660;34.817;36.133;
011330;65.617;13.283;
485740;6.8;100.383;
172900;37.033;27.433;
946580;-34.383;135.367;
622710;24.217;23.3;
161290;44.067;9.817;
486570;3.78;103.21;
725520;40.95;-98.317;
229130;60.717;33.55;
702685;70.467;-157.436;
607700;33.35;10.483;
674610;-11.1;28.85;
112780;46.633;14.167;
425160;25.567;91.883;
125300;50.617;17.967;
416970;29.55;67.88;
651230;9.652;6.462;
170700;40.733;31.6;
997314;38.87;-77.02;
726559;44.451;-95.822;
417250;27.7;68.9;
026030;56.867;12.667;
958400;-37.7;142.933;
583620;31.4;121.467;
726776;47.049;-109.458;
720361;31.043;-86.312;
998321;41.4;-70.2;
151620;46.367;23.05;
719494;70.763;-117.806;
281160;59.017;54.65;
994280;44.61;-124.07;
061900;55.063;14.76;
764915;23.704;-98.957;
945250;-25.633;149.783;
480640;20.167;94.883;
117100;49.65;16.95;
998205;33.667;-82.2;
028330;62.933;22.483;
722244;38.981;-76.922;
720367;45.372;-94.747;
835790;-19.56;-46.93;
720384;38.967;-76.333;
313690;53.15;140.7;
489460;17.383;104.65;
024530;60.717;17.167;
723084;37.709;-77.437;
722181;33.467;-82.039;
998014;41.583;-70.517;
726886;44.843;-117.808;
958640;-38.222;144.004;
712180;50.7;-119.28;
237340;62.45;66.05;
713380;67.533;-64.017;
915960;-22.583;167.45;
133970;43.017;22.75;
339020;46.633;32.567;
997329;33.2;-117.5;
725753;41.05;-113.07;
303090;56.283;101.75;
824450;-4.26;-55.58;
724420;38.131;-91.768;
384750;40.733;72.333;
763820;25.533;-103.433;
223490;66.183;39.533;
478720;28.431;129.713;
895740;-69.383;76.383;
424150;26.617;92.783;
917600;-13.5;-172.633;
710070;50.017;-113.217;
990061;-0.026;146.996;
686140;-31.667;18.5;
171295;39.935;32.741;
483780;16.783;100.267;
727770;48.55;-109.767;
243290;66.25;114.283;
725016;40.822;-72.869;
285520;56.067;63.65;
946790;-33.033;138.75;
634780;5.9;43.583;
680071;-17.884;15.067;
997677;17.365;-23.656;
483530;17.45;101.733;
450390;22.4;114.2;
067170;45.867;7.167;
083730;38.883;1.383;
953070;-20.717;116.767;
876400;-36.2;-61.067;
994043;18.47;-66.12;
723965;35.67;-120.628;
417850;24.63;68.9;
961635;-0.787;100.281;
723066;35.339;-77.961;
013870;61.45;10.183;
998258;55.333;-131.625;
291490;58.633;86.733;
262180;57.917;22.05;
023550;61.7;17.533;
724340;38.75;-90.367;
154980;43.667;25.35;
376760;41.183;48.133;
475910;38.405;141.22;
953690;-22.35;149.517;
920220;-2.7;141.317;
275390;55.6;40.65;
997811;34.2;-76.9;
948420;-38.85;143.517;
823920;-3.7;-40.35;
282250;57.915;56.021;
071400;48.067;1.383;
722076;40.199;-87.596;
066360;46.983;7.283;
167380;36.717;24.45;
172700;37.13;38.76;
407808;26.751;55.898;
973800;-10.5;121.833;
725050;40.794;-73.102;
997305;36.77;-76.3;
724106;36.573;-79.336;
485650;8.15;98.317;
720425;37.163;-101.371;
720649;36.33;-77.635;
960730;1.55;98.883;
131800;45.05;21.033;
913481;6.967;158.217;
614890;16.5;-15.817;
067990;46.817;10.267;
716370;53.417;-111.733;
474130;43.217;141.783;
720859;44.251;-90.855;
970080;3.583;125.467;
997239;28.87;-90.48;
747020;36.333;-119.95;
583450;31.433;119.483;
943780;-23.533;151.283;
542920;42.883;129.5;
916970;-19.133;179.75;
724297;39.103;-84.419;
724508;39.008;-95.212;
605200;35.2;-0.617;
471100;37.558;126.791;
725484;42.778;-96.194;
714620;45.633;-82.967;
719720;61.58;-64.65;
319890;42.9;133.9;
044520;69.496;-49.694;
785260;18.417;-65.983;
600050;28.617;-17.75;
711520;47.62;-57.62;
444060;29.25;80.95;
767750;17.05;-96.717;
725157;42.109;-77.992;
077490;42.517;3.133;
036050;51.717;-4.367;
285370;55.71;57.893;
994012;41.745;-124.183;
644030;-3.483;12.617;
013650;65.25;8.917;
166670;39.057;26.598;
085890;14.917;-23.6;
727925;47.238;-123.14;
997478;31.5;-45.132;
383450;42.517;72.217;
416600;30.25;66.88;
229830;60.7;47.6;
720598;33.183;-80.033;
401550;32.809;35.043;
722650;31.95;-102.183;
944040;-29.267;117.683;
823610;-3.717;-49.717;
612930;12.383;-5.467;
480960;16.9;96.183;
151090;46.917;26.383;
947150;-33.367;147.917;
727830;46.383;-117.017;
726667;44.517;-108.082;
655620;6.65;-4.7;
541020;43.95;116.117;
997485;48.518;-134.222;
994035;33.72;-118.272;
014520;58.2;8.083;
720586;42.689;-90.444;
419840;21.983;90.233;
476790;35.455;139.45;
113370;47.6;12.65;
066580;46.944;8.284;
431890;16.95;82.233;
225200;64.983;34.8;
266210;55.395;23.133;
038873;50.956;0.939;
111370;47.4;12.9;
674130;-8.85;31.333;
723535;36.339;-97.916;
722447;30.744;-95.586;
162340;41.99;12.741;
298380;53.433;83.517;
744666;39.775;-90.238;
720137;41.425;-88.419;
723110;33.95;-83.317;
997348;24.55;-81.8;
062900;52.267;6.9;
838360;-25.46;-50.63;
965250;2.85;117.333;
425270;25.633;94.167;
034090;52.9;-3.583;
063130;51.5;3.25;
023110;61.15;13.117;
833440;-14.863;-40.863;
033460;53.6;-1.667;
998229;17.75;-64.7;
959840;-42.552;147.875;
172650;37.733;38.467;
125200;50.433;16.617;
583670;31.198;121.336;
476380;35.667;138.55;
616950;12.55;-16.267;
702460;63.88;-152.3;
507740;47.7;128.833;
998493;25.295;-81.013;
248710;61.867;135.5;
722099;35.724;-96.82;
125400;50.05;18.2;
702120;61.78;-166.039;
652130;7.167;3.333;
041650;66.533;-18.017;
717500;48.583;-86.283;
833620;-15.65;-56.1;
478920;33.233;132.55;
718190;51.4;-56.067;
172750;37.217;40.633;
112250;46.85;14.183;
085360;38.781;-9.136;
913710;9.467;170.25;
717800;48.38;-123.92;
846231;-11.783;-75.473;
154450;44.35;28.05;
269760;53.017;31.6;
663900;-14.925;13.575;
485510;9.133;99.15;
720405;41.417;-96.117;
277070;54.1;35.35;
162150;42.02;11.82;
027690;62.417;22.183;
783260;23.017;-81.517;
713990;51.583;-110.75;
715790;49.883;-97.133;
722151;41.35;-71.799;
276120;55.833;37.617;
764055;24.073;-110.362;
529080;35.217;93.083;
716730;52.75;-112.85;
722517;27.741;-98.025;
722925;33.023;-118.588;
765493;22.296;-97.866;
028340;63.833;27.217;
682690;-25.767;28.2;
585060;29.583;115.983;
726440;43.917;-92.5;
112140;46.933;14.917;
083910;37.417;-5.9;
724735;38.417;-110.7;
722563;31.485;-97.317;
723034;35.037;-79.498;
710310;48.42;-123.23;
948790;-38.135;145.264;
713740;50.15;-60.05;
294560;56.535;89.317;
712020;52.783;-112.433;
110830;48.567;16.367;
947540;-32.733;150.233;
064780;50.65;5.45;
295570;55.751;88.3;
263350;57.317;25.333;
997909;41.363;-39.241;
067350;46.5;7.567;
720544;40.615;-103.265;
942660;-17.683;141.067;
717386;48.93;-57.92;
711890;48.27;-70.12;
680067;-24.767;16.983;
110360;48.117;16.567;
232201;66.591;66.611;
994015;48.547;-123.01;
715130;50.183;-61.783;
814010;5.5;-54.033;
949030;-36.867;147.267;
377850;40.283;44.467;
763730;25.35;-105.75;
287480;54.083;61.617;
740001;41.2;-74.623;
476620;35.683;139.75;
034690;52.867;0.15;
711030;53.026;-122.51;
714170;50.717;-56.117;
723300;36.773;-90.325;
998271;61.133;-146.367;
800970;7.933;-72.517;
723925;34.426;-119.842;
360640;51.767;87.6;
765850;21.317;-98.817;
720616;36.533;-93.2;
594310;22.633;108.217;
987510;8.15;125.133;
433630;9.267;79.3;
840260;0.967;-79.617;
683465;-26.496;29.98;
720666;28.6;-91.2;
076810;43.417;6.85;
273290;57.2;39.417;
948920;-38.45;145.3;
713570;67.55;-64.03;
221270;68.0;35.033;
718830;52.117;-119.283;
653300;9.35;2.617;
714820;52.18;-127.47;
682672;-26.15;28.0;
802140;4.433;-75.15;
857660;-39.65;-72.083;
723119;34.846;-82.346;
388120;38.8;65.717;
725456;40.46;-91.428;
012930;63.417;11.733;
747590;31.282;-89.253;
143700;45.167;18.0;
836728;-10.786;-65.285;
719560;45.883;-82.567;
154620;44.25;28.267;
946740;-30.6;138.417;
680153;-19.133;13.6;
722330;30.345;-89.821;
488400;19.75;105.783;
723654;35.88;-106.269;
891320;-74.756;-136.789;
723123;46.154;-89.212;
251730;68.9;-179.633;
711070;51.93;-131.02;
992430;17.1;-157.8;
846580;-12.614;-69.229;
028110;66.367;29.317;
720589;44.783;-88.55;
614210;20.517;-13.067;
722012;28.97;-81.97;
605170;35.1;-1.867;
716990;45.07;-66.45;
483033;17.384;104.643;
604210;35.867;7.117;
715380;42.267;-82.967;
113750;47.55;15.233;
108660;48.354;11.786;
762430;28.7;-100.533;
783170;22.55;-83.3;
431580;16.85;74.6;
607380;35.55;8.683;
996330;40.7;-72.0;
266340;55.264;24.76;
713460;49.8;-112.3;
689160;-34.35;18.5;
030620;57.817;-3.967;
067510;46.45;8.517;
306270;53.1;105.533;
156150;42.183;23.583;
715800;69.533;-93.567;
175210;35.15;33.5;
241430;68.733;124.0;
720911;46.941;-98.018;
011170;65.817;12.417;
234630;65.983;84.267;
788625;16.783;-62.6;
957400;-30.95;150.25;
236570;63.117;75.283;
720968;35.704;-79.504;
949760;-42.117;146.167;
407190;37.2;49.633;
682120;-24.533;17.933;
994031;42.74;-124.497;
378630;40.738;46.318;
287990;54.167;74.8;
720493;44.889;-72.229;
635330;5.333;39.567;
873290;-32.385;-65.187;
724504;37.748;-97.221;
103380;52.461;9.685;
998439;30.308;-88.14;
720725;27.835;-96.011;
028180;68.483;28.3;
480940;16.767;94.767;
121050;54.2;16.15;
720458;37.751;-82.637;
627620;13.55;33.617;
672800;-17.833;35.333;
412570;23.317;57.95;
703835;56.578;-169.662;
920100;-6.4;145.233;
839970;-33.517;-53.35;
150200;47.733;26.65;
682903;-30.562;25.528;
272255;57.561;40.157;
261410;59.133;26.233;
746940;35.461;-77.965;
711120;49.167;-123.067;
783770;20.317;-76.883;
710354;51.299;-116.982;
227620;62.817;42.783;
997219;42.4;-82.7;
228890;61.117;48.0;
431570;16.7;74.233;
687150;-33.467;18.717;
067590;46.2;8.8;
710220;54.283;-130.433;
959040;-37.867;148.0;
724107;36.766;-80.824;
368560;44.267;79.317;
726380;44.367;-84.683;
485500;9.466;100.05;
011430;68.05;16.083;
515420;43.033;84.15;
074810;45.733;5.083;
992790;40.5;-69.2;
945960;-28.833;153.55;
379230;39.967;49.4;
125600;50.474;19.08;
713860;48.47;-67.43;
478080;33.586;130.451;
955720;-26.65;152.933;
787955;8.917;-79.6;
228760;61.55;45.933;
998475;38.033;-122.125;
680400;-21.417;25.6;
715040;53.217;-113.9;
837480;-22.875;-43.385;
084870;36.85;-2.383;
410840;19.983;42.633;
983340;15.75;121.633;
385790;40.117;67.833;
726985;45.551;-122.408;
162160;42.43;12.064;
720322;48.3;-116.56;
837210;-23.007;-47.135;
716360;54.133;-111.683;
723148;35.82;-81.611;
725023;33.761;-90.758;
684610;-28.25;28.333;
470980;37.9;127.067;
722008;27.812;-97.089;
722730;31.588;-110.344;
336990;48.05;30.85;
786700;13.43;-88.12;
616660;14.65;-16.233;
322150;50.683;156.133;
375750;41.667;46.65;
080940;42.081;-0.323;
319600;43.117;131.917;
720986;41.05;-102.867;
943680;-20.35;148.95;
724017;37.358;-78.438;
858740;-45.917;-71.7;
031140;56.464;-5.4;
072400;47.45;0.733;
429250;20.55;74.533;
710360;51.1;-100.05;
350780;51.817;68.367;
474770;43.795;142.363;
946200;-32.717;116.05;
943070;-20.367;116.85;
720749;48.35;-122.666;
782623;20.786;-76.315;
724085;40.082;-75.011;
725194;42.643;-77.056;
804463;8.289;-62.76;
767270;18.7;-99.167;
958950;-35.983;146.35;
693144;31.5;65.85;
946840;-32.567;139.567;
833320;-14.1;-46.36;
715100;51.567;-107.917;
429310;20.533;76.233;
106164;51.855;11.419;
085620;38.017;-7.867;
031000;56.5;-6.883;
029100;63.433;21.067;
833860;-15.433;-44.367;
722052;36.773;-98.67;
484810;12.5;102.167;
725204;40.767;-80.4;
946400;-34.833;116.033;
718980;54.283;-130.45;
039800;55.367;-7.333;
507880;47.233;131.983;
783230;22.85;-82.033;
601950;32.683;-4.733;
746930;35.132;-78.937;
661361;-15.261;12.147;
714830;54.4;-114.767;
747760;30.836;-85.184;
408510;29.467;55.717;
318780;45.1;133.5;
236250;63.65;62.1;
878600;-45.783;-67.5;
269660;52.9;30.033;
071070;48.683;-4.333;
720964;30.033;-85.533;
726419;46.549;-90.919;
108520;48.425;10.932;
160660;45.617;8.733;
722154;34.722;-84.869;
713780;47.42;-72.78;
121055;51.722;19.398;
997192;44.9;-80.6;
308460;51.35;112.467;
286960;55.033;74.583;
151820;46.267;22.333;
039070;55.15;-6.933;
994160;34.62;-76.52;
600600;29.367;-10.183;
294770;56.5;93.283;
150420;47.35;22.1;
424200;26.517;93.983;
311230;57.767;130.9;
998256;47.276;-122.418;
020130;67.733;17.467;
832880;-13.262;-43.408;
726467;45.419;-91.773;
024860;59.367;17.517;
718720;50.017;-110.717;
442570;48.617;110.6;
578160;26.483;106.65;
110165;47.85;16.25;
996440;61.3;1.1;
851410;-14.483;-67.483;
714280;49.12;-66.65;
720314;31.78;-95.706;
956700;-33.783;138.217;
715010;69.567;-138.917;
720289;33.53;-82.516;
839370;-29.711;-53.688;
720202;45.417;-123.817;
425880;24.917;84.183;
296360;55.233;84.4;
336340;48.2;22.65;
257000;62.8;150.667;
916690;-17.35;178.217;
521120;43.6;95.133;
160220;46.15;11.033;
919250;-9.8;-139.033;
718780;52.183;-113.9;
406600;32.917;45.067;
353948;40.75;43.85;
332750;50.85;34.667;
964770;6.917;116.833;
718690;53.217;-105.667;
254000;65.733;150.9;
067210;46.367;8.183;
620180;30.567;15.717;
484610;12.917;100.867;
956580;-30.483;136.883;
720932;31.606;-90.409;
062090;52.467;4.517;
085350;38.717;-9.15;
060100;62.064;-7.277;
722109;34.3;-84.417;
804230;10.583;-62.317;
026040;56.691;12.82;
714240;47.0;-70.817;
992290;41.9;-124.4;
721003;47.317;-111.467;
997899;55.847;-34.166;
030230;57.333;-7.367;
722049;26.25;-80.108;
682970;-25.517;31.9;
077520;41.917;8.617;
032240;55.05;-2.55;
861920;-24.667;-56.433;
716010;44.64;-63.499;
720306;38.96;-94.371;
401900;31.25;34.8;
547150;37.333;116.567;
943840;-24.15;151.883;
304390;55.117;109.75;
480780;18.917;96.467;
476770;34.117;139.517;
040130;65.074;22.734;
478930;33.567;133.55;
101490;53.536;9.837;
997599;35.897;-127.169;
726514;43.733;-103.611;
170420;41.4;41.433;
223340;66.333;36.017;
407360;36.717;52.65;
032635;54.509;-1.429;
257070;62.1;150.683;
237760;62.467;89.017;
692244;36.117;127.483;
351730;51.617;69.8;
237880;62.317;92.117;
689280;-34.183;22.15;
766015;20.756;-103.465;
023080;62.45;12.667;
727937;47.908;-122.28;
724200;40.82;-82.518;
945870;-28.75;152.45;
076000;43.4;-1.683;
427760;22.583;80.367;
525330;39.767;98.483;
685120;-29.667;17.9;
165640;39.1;9.517;
647060;8.567;16.067;
483565;17.195;104.119;
307410;52.767;109.967;
042022;69.233;-51.067;
710260;50.033;-110.717;
477270;35.799;140.011;
432960;12.95;77.633;
066200;47.683;8.617;
703670;58.425;-135.707;
014840;59.917;11.583;
412650;22.733;58.5;
994350;47.66;-122.44;
117230;49.15;16.683;
529550;35.583;100.75;
862510;-26.217;-56.983;
825990;-5.911;-35.248;
713830;50.73;-71.02;
720744;34.81;-82.703;
425120;25.7;91.967;
983280;16.4;120.6;
229250;60.633;34.783;
265090;55.733;21.083;
268820;53.933;32.833;
033180;53.767;-3.033;
298660;53.717;91.7;
222120;67.933;32.917;
948900;-35.048;148.108;
374730;42.533;47.917;
710020;53.567;-64.1;
029350;62.4;25.683;
804103;10.279;-68.755;
606200;27.883;-0.183;
010300;69.7;19.017;
987530;7.133;125.65;
943250;-21.0;134.4;
854880;-29.917;-71.2;
442210;49.65;95.783;
681510;-23.367;25.85;
941530;-13.975;136.46;
607500;34.717;10.683;
346070;47.267;35.333;
434750;6.883;81.833;
986480;10.133;124.867;
164290;37.917;12.5;
672830;-17.883;36.883;
337230;48.433;33.9;
127660;48.483;20.533;
606330;23.467;2.533;
330360;51.95;29.167;
724860;39.3;-114.842;
544010;40.783;114.883;
682550;-25.65;27.233;
606110;28.05;9.633;
431960;15.417;73.783;
998177;34.1;-81.267;
636710;1.75;40.067;
674210;-9.7;33.267;
432010;15.417;75.633;
336570;47.867;25.217;
076410;43.4;3.7;
233240;66.469;60.753;
723439;36.369;-92.47;
064390;51.083;4.517;
548230;36.6;117.05;
576040;28.783;105.383;
716650;56.55;-61.68;
941410;-13.333;133.083;
060221;55.58;4.759;
713080;45.62;-61.68;
415205;35.85;71.83;
066010;47.55;7.583;
998287;25.217;-80.433;
703055;58.99;-159.05;
483540;17.383;102.8;
722789;33.623;-111.91;
317020;49.0;131.083;
471580;35.126;126.809;
724776;38.75;-109.762;
271080;58.567;35.633;
310540;59.183;135.15;
998304;18.09;-67.939;
722015;24.583;-81.683;
762580;27.367;-109.933;
623930;27.05;31.017;
080420;42.896;-8.415;
804370;8.633;-71.65;
997216;42.3;-65.9;
683290;-26.883;22.05;
995005;-1.623;66.842;
114570;49.067;13.617;
038030;49.917;-6.3;
080230;43.483;-3.8;
788970;16.267;-61.6;
682720;-25.183;29.333;
943500;-23.55;145.283;
760610;31.3;-113.55;
712000;48.42;-123.33;
724115;37.951;-79.834;
027590;60.383;25.617;
783380;22.817;-80.083;
954850;-29.45;142.05;
943450;-24.267;144.433;
714310;43.95;-78.167;
172190;38.26;27.15;
424350;25.75;71.383;
718910;50.23;-121.58;
155520;43.2;27.95;
427270;23.733;92.717;
280970;59.583;73.283;
331240;51.817;30.3;
683200;-25.267;23.25;
411400;16.883;42.583;
876880;-38.333;-60.25;
998426;35.208;-75.703;
427150;22.0;80.7;
717790;53.033;-122.5;
997996;42.467;-82.867;
618290;10.383;-9.3;
486180;5.383;103.103;
727550;47.509;-94.934;
723230;34.65;-86.767;
061700;55.583;12.133;
605500;33.667;1.0;
744660;40.948;-87.183;
401790;32.0;34.816;
580400;34.85;119.133;
851540;-14.819;-64.918;
971920;-5.467;122.617;
712350;51.067;-114.217;
889680;-60.733;-44.733;
370010;44.883;37.283;
029420;61.85;22.467;
725054;41.921;-71.491;
145490;44.217;17.9;
942380;-19.633;134.183;
722315;30.049;-90.029;
720866;47.29;-101.581;
948390;-36.283;143.35;
855770;-33.433;-70.683;
235520;64.917;77.817;
032140;54.117;-3.25;
726567;44.32;-94.502;
897440;-74.017;43.05;
424680;25.983;79.5;
113570;47.733;13.45;
224810;65.767;46.2;
384130;41.733;64.617;
071560;48.817;2.333;
075790;44.133;4.833;
722369;27.917;-97.2;
718360;51.283;-80.6;
890580;-62.217;-58.967;
595670;22.033;121.55;
478100;33.15;130.302;
484200;13.517;100.75;
474350;44.35;143.35;
037970;51.35;1.333;
036584;51.439;-2.286;
336860;48.35;29.85;
749485;40.554;-124.133;
723449;36.372;-94.107;
428550;21.833;76.367;
670020;-11.533;43.267;
994023;35.177;-120.76;
066780;47.497;9.235;
221060;68.6;31.8;
470690;38.033;125.7;
715600;49.0;-97.233;
063150;51.433;4.017;
994230;32.68;-79.89;
263780;57.15;31.183;
727884;46.306;-119.304;
347120;47.033;37.5;
219210;70.683;127.4;
062600;52.1;5.183;
722331;42.467;-93.267;
100380;54.312;9.538;
164800;36.683;15.133;
722029;25.648;-80.433;
720533;40.039;-105.226;
132690;44.317;19.917;
713870;48.9;-71.03;
407807;35.776;50.827;
714670;72.0;-125.267;
427051;31.877;77.154;
725378;42.63;-83.984;
724810;37.38;-120.568;
720299;32.456;-96.912;
586330;28.967;118.867;
626500;19.167;30.483;
085330;37.0;-8.95;
043410;70.75;-22.65;
153470;45.167;24.667;
949490;-39.217;146.983;
742300;46.427;-105.882;
153640;44.917;22.0;
023190;62.75;13.85;
700635;68.479;-149.49;
070050;50.133;1.833;
788590;17.206;-62.59;
726500;43.164;-95.202;
111380;47.133;12.633;
789820;12.5;-70.017;
724298;40.708;-84.027;
723650;35.033;-106.617;
853640;-21.55;-64.7;
836729;-25.387;-51.52;
714520;49.7;-103.8;
722544;30.321;-97.76;
295710;56.067;92.733;
061020;55.867;9.783;
433760;8.733;77.75;
783840;19.283;-81.35;
406430;33.8;40.133;
945920;-28.164;153.505;
170520;41.733;27.233;
851390;-14.167;-66.9;
997324;33.2;-119.9;
725348;41.607;-88.096;
077470;42.733;2.867;
042110;72.783;-56.133;
995017;45.0;-73.1;
722666;31.794;-98.956;
992210;46.0;-131.0;
412540;23.067;57.05;
025650;57.517;15.833;
624030;26.2;32.75;
997299;36.97;-76.12;
862183;-25.45;-54.833;
718330;43.55;-80.217;
998169;39.083;-75.433;
405530;29.75;47.85;
722785;33.535;-112.383;
175050;35.3;32.967;
722218;38.539;-76.03;
621030;30.133;9.5;
724354;37.053;-84.616;
726487;45.127;-87.638;
342540;50.533;42.683;
670050;-12.8;45.283;
405700;29.1;46.683;
918240;-19.083;-169.933;
025450;58.567;14.567;
727566;43.665;-92.933;
264030;56.883;21.183;
332870;50.25;23.633;
971200;-2.5;119.0;
029200;63.75;22.533;
725533;40.08;-95.592;
154200;44.5;26.133;
722067;30.219;-81.877;
992930;48.4;-133.9;
407037;37.383;55.45;
407370;36.45;52.817;
804790;10.3;-68.233;
703621;59.443;-151.701;
224710;65.87;44.205;
767501;20.641;-88.446;
723745;34.257;-111.339;
787450;11.991;-83.774;
031110;55.433;-5.7;
892510;-62.217;-58.75;
637200;-0.5;37.45;
151080;46.983;25.95;
725461;42.111;-92.916;
162100;42.0;12.017;
766320;20.133;-98.75;
783680;20.133;-75.233;
028600;67.65;24.9;
163340;40.1;18.483;
152380;45.867;25.817;
433010;12.133;78.033;
475450;39.616;140.219;
852440;-17.633;-63.133;
670200;-14.883;47.983;
606450;26.717;0.283;
295810;56.2;95.633;
719380;67.817;-115.133;
703605;59.011;-161.82;
956030;-31.618;117.722;
994022;37.99;-122.975;
710150;49.283;-112.533;
690150;34.296;-116.162;
061880;55.883;12.417;
028130;66.583;26.017;
725088;42.584;-70.918;
937090;-43.867;169.0;
711253;54.13;-108.52;
992011;33.7;-78.0;
718890;49.45;-119.6;
715710;55.683;-119.233;
688490;-33.283;26.5;
014360;57.983;7.05;
998407;42.768;-86.201;
723627;35.514;-108.794;
720386;45.117;-95.133;
133700;43.833;20.033;
719850;69.433;-133.017;
074800;45.717;4.933;
722868;33.822;-116.504;
724765;38.506;-107.898;
875480;-34.55;-60.917;
014730;59.617;9.633;
070290;49.35;-0.767;
683250;-25.45;25.417;
780160;32.367;-64.667;
997180;44.1;-69.0;
994660;61.06;-146.7;
618020;12.567;-13.517;
766400;20.95;-97.4;
171920;38.383;34.05;
029480;61.95;28.95;
031580;55.7;-2.383;
424040;26.017;89.983;
997316;46.9;-124.2;
332680;50.767;33.45;
433470;10.767;79.85;
111940;47.95;16.85;
548080;36.233;115.667;
726589;43.682;-93.367;
714760;54.567;-130.683;
064900;50.483;5.917;
014060;59.917;5.067;
749171;35.135;-118.439;
062120;52.917;4.15;
697744;30.317;-9.417;
151600;46.533;22.467;
080150;43.35;-5.867;
401990;29.55;34.95;
162940;40.55;14.2;
111650;47.2;14.75;
236560;63.383;78.317;
722728;31.421;-110.845;
064580;50.75;4.767;
786150;16.917;-89.883;
330190;52.117;26.117;
701945;68.115;-145.579;
726415;42.62;-89.042;
151170;46.783;22.117;
998458;46.8;-91.8;
837260;-22.01;-47.88;
720318;33.117;-98.555;
151650;46.367;24.233;
946080;-31.917;115.867;
727630;46.797;-102.802;
684930;-28.3;31.417;
409480;34.566;69.212;
013680;61.0;9.283;
488230;20.433;106.15;
715730;42.867;-80.55;
070400;49.933;1.1;
080550;42.583;-5.65;
719500;54.817;-127.167;
010570;69.367;24.433;
470370;39.983;125.25;
071970;47.933;7.4;
136230;40.5;19.283;
717670;45.233;-81.633;
419580;22.6;89.5;
722688;32.688;-103.217;
862100;-24.033;-54.35;
133630;43.35;19.35;
027650;61.7;25.517;
402720;31.717;35.983;
724400;37.233;-93.4;
717610;54.133;-111.917;
786410;14.583;-90.517;
996840;60.5;-4.2;
722179;45.148;-92.538;
724320;38.05;-87.533;
072470;47.317;1.683;
029640;60.717;21.017;
202920;77.717;104.3;
424500;25.45;75.633;
360900;51.124;93.684;
367850;45.383;79.5;
349580;45.1;43.45;
477500;35.45;135.317;
171620;39.183;36.067;
948650;-37.867;144.75;
315610;50.533;137.033;
474340;42.794;141.666;
998305;26.092;-80.109;
384570;41.267;69.267;
485570;8.433;99.517;
135950;41.433;22.65;
943170;-23.417;119.8;
476510;34.733;136.517;
997536;26.866;-55.545;
200690;79.483;76.983;
997637;53.303;172.14;
420801;21.752;72.185;
307310;52.985;108.288;
433820;7.983;93.533;
379130;39.583;48.967;
318010;47.667;136.183;
476340;35.394;136.87;
128050;47.683;16.6;
042605;62.017;-49.667;
028510;64.933;25.367;
917840;-19.8;-174.35;
